0,4,RPrQWan77sx2Wk0Hu0saVCRxkzM=,jRfb1bug6V/VJOG1S297rZ6+9T0=
0,5,RPrQWan77sx2Wk0Hu0saVCRxkzM=,OfcZ9UkBVZhcBD6JP618DX7OlPU=
0,6,RPrQWan77sx2Wk0Hu0saVCRxkzM=,Z2Srb5GJ5upThnnkjqNcxfuY+uY=
0,7,RPrQWan77sx2Wk0Hu0saVCRxkzM=,R5wys/uM65figCz8+WaiK2XV0uQ=
0,8,RPrQWan77sx2Wk0Hu0saVCRxkzM=,PUHzdT4CpyugbTZf/S2LDOolp0Q=
0,9,YpiQAWNlcRly4xuoRDf9BL6sOaE=,z18t6MRR1VFPE6I+q8/pnRy8HSs=
0,10,xVUUrC5MUR2ULE5Vs3pnOt/o7JQ=,z18t6MRR1VFPE6I+q8/pnRy8HSs=
0,11,uIoEsa6ML8eva2tA/8i38Hnqvyc=,7tTpJvBdoSazA8V3qu/Io+df1oc=
1,5,YpiQAWNlcRly4xuoRDf9BL6sOaE=,zVv5T9PRAEZ0HTinP+ifYitPTbs=
1,4,uIoEsa6ML8eva2tA/8i38Hnqvyc=,PR0uYkG4DM/YsRgz3N1O4Msv8aw=
1,7,uIoEsa6ML8eva2tA/8i38Hnqvyc=,7AO4neRQ0oCw/GUrO8wnNPg4qbM=
1,6,uIoEsa6ML8eva2tA/8i38Hnqvyc=,wtOasa4hhh9GnYOV8YdXz/qK69g=
1,9,XRPNNnFUDUz90kD5vU2aj9RiJ6w=,pXyQJEwCEIbzEp82r5y/e/wYQv4=
1,8,gDZp+NqesulhVfy6IyUm8+wekqo=,GDW1wKO6peMcjuIuudFQ+myGc9w=
1,11,XRPNNnFUDUz90kD5vU2aj9RiJ6w=,AbJS93cHppuPl3vIs01zTdOZAKI=
1,10,kA/QpXZ/vKQZjYKtFT6zNYBI6oQ=,Nxml1aBZf8maiK+mtAm4o7ls7GM=
2,6,pC3QHmk2tqw3iTXQIMhoEpaJMzo=,LzVU5tCqLuIT9msduahri8I8+Rk=
2,7,kA/QpXZ/vKQZjYKtFT6zNYBI6oQ=,P+uFXLvf8XP0azjuKK/F7V9zcGw=
2,4,kA/QpXZ/vKQZjYKtFT6zNYBI6oQ=,P+uFXLvf8XP0azjuKK/F7V9zcGw=
2,5,gIOlKJj+ZLcDdXFbwyBWL9k5Nlc=,FTh+rsIowHaGVhkhTscytLqCb/Y=
2,10,mQdksWiU+tmUyKluI/3aj6TtRZs=,EkMb7Zu1OkXKlmNNckzXPodJ8/U=
2,11,JMb9WiJ69+zEgjAHzBskp0v0MwI=,+0X/SA6l7S15aFay75rdgMSamU0=
2,8,Q913VY2TExQyucT7aXk1xlm4NYM=,hCqgigvLqhJReLUlNEkcN+vBSrg=
2,9,wjplRL93Iphrdp8PyoRb0scH2tA=,GI4jGHX+65G5pNZWfqjORiMUQFg=
3,7,wjplRL93Iphrdp8PyoRb0scH2tA=,j36Zt09juMA0Auo9fh/eiy8ck8U=
3,6,oNfnCBUybhOuQWnio/FVaqeyLXI=,5NEEmiDQI2RMl4+UONedt45hKuE=
3,5,PYK+9V/r7INkXr/OqeU8dV2xO4E=,S8x3iFX5WD70TS1iK4t1emv50FE=
3,4,PYK+9V/r7INkXr/OqeU8dV2xO4E=,Uo8Jo7YN9fTWLVM0u/CEJdcXFWs=
3,11,D4rKQT7a/Ece682XECyXVk6WVG8=,fXjSyxdSV04nLr/z2NfpqPW6q9E=
3,10,j4GNoDKrlMdZGGloiDD/DnOBPyU=,CPgXl1pBebpYFrhtIZGIAlCekQ4=
3,9,D4rKQT7a/Ece682XECyXVk6WVG8=,Y/uPDvlkwn6X0cFCQ6u+Dve15ps=
3,8,D4rKQT7a/Ece682XECyXVk6WVG8=,ksnsLp+2ymy5WkHu/T4lYHX4g5Q=
4,5,D4rKQT7a/Ece682XECyXVk6WVG8=,z+ko4tGh/gL7xOnp17gjDVAlD/o=
4,4,D4rKQT7a/Ece682XECyXVk6WVG8=,z+ko4tGh/gL7xOnp17gjDVAlD/o=
4,6,TV5s5bE44KuaI+p6ImUP4CTaMdc=,9cccwjZq/OCL9caSpa/P/8B2GMw=
4,7,TV5s5bE44KuaI+p6ImUP4CTaMdc=,9cccwjZq/OCL9caSpa/P/8B2GMw=
4,8,TV5s5bE44KuaI+p6ImUP4CTaMdc=,M+ifuds/gA3/60uikPga39hjKRs=
4,9,TV5s5bE44KuaI+p6ImUP4CTaMdc=,EUmAFmg/rt0F+yszWfebU/gy9A8=
4,10,DQlbo+xfBW8+9glr4/syL+4m8DQ=,fuUEKp/7ZMo9s03yHmO8qnpMnOo=
4,11,iJWHVoMLvNIK0DQ/sg3p/ljfuAI=,v+eCSOsWcnXwZIP+KQVCjoikzqo=
