-116,262,IrANOe783T9i9ndU4WAxQksGt4c=,Zu7evpODfoz6GLlUUFVXXO2TMkM=
-116,258,IrANOe783T9i9ndU4WAxQksGt4c=,Zu7evpODfoz6GLlUUFVXXO2TMkM=
-119,262,IrANOe783T9i9ndU4WAxQksGt4c=,Zu7evpODfoz6GLlUUFVXXO2TMkM=
-120,262,IrANOe783T9i9ndU4WAxQksGt4c=,Zu7evpODfoz6GLlUUFVXXO2TMkM=
-120,263,IrANOe783T9i9ndU4WAxQksGt4c=,Zu7evpODfoz6GLlUUFVXXO2TMkM=
-120,256,RhSnIyzc31YjNCdT4rqJtJf9o+U=,Zu7evpODfoz6GLlUUFVXXO2TMkM=
-119,263,RhSnIyzc31YjNCdT4rqJtJf9o+U=,Zu7evpODfoz6GLlUUFVXXO2TMkM=
-118,263,RhSnIyzc31YjNCdT4rqJtJf9o+U=,Zu7evpODfoz6GLlUUFVXXO2TMkM=
-117,263,RhSnIyzc31YjNCdT4rqJtJf9o+U=,Zu7evpODfoz6GLlUUFVXXO2TMkM=
-116,263,RhSnIyzc31YjNCdT4rqJtJf9o+U=,Zu7evpODfoz6GLlUUFVXXO2TMkM=
-116,256,RhSnIyzc31YjNCdT4rqJtJf9o+U=,Zu7evpODfoz6GLlUUFVXXO2TMkM=
-114,264,RhSnIyzc31YjNCdT4rqJtJf9o+U=,Zu7evpODfoz6GLlUUFVXXO2TMkM=
-117,256,RhSnIyzc31YjNCdT4rqJtJf9o+U=,Zu7evpODfoz6GLlUUFVXXO2TMkM=
-115,261,RhSnIyzc31YjNCdT4rqJtJf9o+U=,Zu7evpODfoz6GLlUUFVXXO2TMkM=
-118,265,RhSnIyzc31YjNCdT4rqJtJf9o+U=,Zu7evpODfoz6GLlUUFVXXO2TMkM=
-116,261,2jfe8/D0cjaqA/mtYmrYNMh+9AE=,Zu7evpODfoz6GLlUUFVXXO2TMkM=
-114,265,2jfe8/D0cjaqA/mtYmrYNMh+9AE=,Zu7evpODfoz6GLlUUFVXXO2TMkM=
-118,256,2jfe8/D0cjaqA/mtYmrYNMh+9AE=,Zu7evpODfoz6GLlUUFVXXO2TMkM=
-115,266,2jfe8/D0cjaqA/mtYmrYNMh+9AE=,Zu7evpODfoz6GLlUUFVXXO2TMkM=
-120,258,2jfe8/D0cjaqA/mtYmrYNMh+9AE=,Zu7evpODfoz6GLlUUFVXXO2TMkM=
-116,257,2jfe8/D0cjaqA/mtYmrYNMh+9AE=,Zu7evpODfoz6GLlUUFVXXO2TMkM=
-117,261,2jfe8/D0cjaqA/mtYmrYNMh+9AE=,Zu7evpODfoz6GLlUUFVXXO2TMkM=
-113,266,2jfe8/D0cjaqA/mtYmrYNMh+9AE=,Zu7evpODfoz6GLlUUFVXXO2TMkM=
-114,266,2jfe8/D0cjaqA/mtYmrYNMh+9AE=,Zu7evpODfoz6GLlUUFVXXO2TMkM=
-114,262,2jfe8/D0cjaqA/mtYmrYNMh+9AE=,Zu7evpODfoz6GLlUUFVXXO2TMkM=
-116,259,2jfe8/D0cjaqA/mtYmrYNMh+9AE=,Zu7evpODfoz6GLlUUFVXXO2TMkM=
-120,267,2jfe8/D0cjaqA/mtYmrYNMh+9AE=,Zu7evpODfoz6GLlUUFVXXO2TMkM=
-116,266,2jfe8/D0cjaqA/mtYmrYNMh+9AE=,Zu7evpODfoz6GLlUUFVXXO2TMkM=
-119,267,2jfe8/D0cjaqA/mtYmrYNMh+9AE=,Zu7evpODfoz6GLlUUFVXXO2TMkM=
-119,261,2jfe8/D0cjaqA/mtYmrYNMh+9AE=,Zu7evpODfoz6GLlUUFVXXO2TMkM=
-117,266,2jfe8/D0cjaqA/mtYmrYNMh+9AE=,Zu7evpODfoz6GLlUUFVXXO2TMkM=
-118,261,2jfe8/D0cjaqA/mtYmrYNMh+9AE=,Zu7evpODfoz6GLlUUFVXXO2TMkM=
-118,267,2jfe8/D0cjaqA/mtYmrYNMh+9AE=,Zu7evpODfoz6GLlUUFVXXO2TMkM=
-115,262,2jfe8/D0cjaqA/mtYmrYNMh+9AE=,Zu7evpODfoz6GLlUUFVXXO2TMkM=
-117,267,2jfe8/D0cjaqA/mtYmrYNMh+9AE=,Zu7evpODfoz6GLlUUFVXXO2TMkM=
-113,271,2jfe8/D0cjaqA/mtYmrYNMh+9AE=,Zu7evpODfoz6GLlUUFVXXO2TMkM=
-118,266,2jfe8/D0cjaqA/mtYmrYNMh+9AE=,Zu7evpODfoz6GLlUUFVXXO2TMkM=
-116,267,2jfe8/D0cjaqA/mtYmrYNMh+9AE=,Zu7evpODfoz6GLlUUFVXXO2TMkM=
-119,266,2jfe8/D0cjaqA/mtYmrYNMh+9AE=,Zu7evpODfoz6GLlUUFVXXO2TMkM=
-119,259,2jfe8/D0cjaqA/mtYmrYNMh+9AE=,Zu7evpODfoz6GLlUUFVXXO2TMkM=
-113,260,2jfe8/D0cjaqA/mtYmrYNMh+9AE=,Zu7evpODfoz6GLlUUFVXXO2TMkM=
-117,257,2jfe8/D0cjaqA/mtYmrYNMh+9AE=,Zu7evpODfoz6GLlUUFVXXO2TMkM=
-115,267,2jfe8/D0cjaqA/mtYmrYNMh+9AE=,Zu7evpODfoz6GLlUUFVXXO2TMkM=
-120,266,2jfe8/D0cjaqA/mtYmrYNMh+9AE=,Zu7evpODfoz6GLlUUFVXXO2TMkM=
-120,259,2jfe8/D0cjaqA/mtYmrYNMh+9AE=,Zu7evpODfoz6GLlUUFVXXO2TMkM=
-114,267,2jfe8/D0cjaqA/mtYmrYNMh+9AE=,Zu7evpODfoz6GLlUUFVXXO2TMkM=
-113,265,2jfe8/D0cjaqA/mtYmrYNMh+9AE=,Zu7evpODfoz6GLlUUFVXXO2TMkM=
-120,257,2jfe8/D0cjaqA/mtYmrYNMh+9AE=,Zu7evpODfoz6GLlUUFVXXO2TMkM=
-113,267,2jfe8/D0cjaqA/mtYmrYNMh+9AE=,Zu7evpODfoz6GLlUUFVXXO2TMkM=
-114,271,2jfe8/D0cjaqA/mtYmrYNMh+9AE=,Zu7evpODfoz6GLlUUFVXXO2TMkM=
-119,257,2jfe8/D0cjaqA/mtYmrYNMh+9AE=,Zu7evpODfoz6GLlUUFVXXO2TMkM=
-117,262,2jfe8/D0cjaqA/mtYmrYNMh+9AE=,Zu7evpODfoz6GLlUUFVXXO2TMkM=
-120,268,2jfe8/D0cjaqA/mtYmrYNMh+9AE=,Zu7evpODfoz6GLlUUFVXXO2TMkM=
-119,256,2jfe8/D0cjaqA/mtYmrYNMh+9AE=,Zu7evpODfoz6GLlUUFVXXO2TMkM=
-119,268,2jfe8/D0cjaqA/mtYmrYNMh+9AE=,Zu7evpODfoz6GLlUUFVXXO2TMkM=
-118,268,2jfe8/D0cjaqA/mtYmrYNMh+9AE=,Zu7evpODfoz6GLlUUFVXXO2TMkM=
-117,268,2jfe8/D0cjaqA/mtYmrYNMh+9AE=,Zu7evpODfoz6GLlUUFVXXO2TMkM=
-115,271,2jfe8/D0cjaqA/mtYmrYNMh+9AE=,Zu7evpODfoz6GLlUUFVXXO2TMkM=
-120,261,2jfe8/D0cjaqA/mtYmrYNMh+9AE=,Zu7evpODfoz6GLlUUFVXXO2TMkM=
-113,262,2jfe8/D0cjaqA/mtYmrYNMh+9AE=,Zu7evpODfoz6GLlUUFVXXO2TMkM=
-115,258,2jfe8/D0cjaqA/mtYmrYNMh+9AE=,Zu7evpODfoz6GLlUUFVXXO2TMkM=
-116,271,2jfe8/D0cjaqA/mtYmrYNMh+9AE=,Zu7evpODfoz6GLlUUFVXXO2TMkM=
-118,262,2jfe8/D0cjaqA/mtYmrYNMh+9AE=,Zu7evpODfoz6GLlUUFVXXO2TMkM=
-113,256,2jfe8/D0cjaqA/mtYmrYNMh+9AE=,Zu7evpODfoz6GLlUUFVXXO2TMkM=
-114,260,2jfe8/D0cjaqA/mtYmrYNMh+9AE=,Zu7evpODfoz6GLlUUFVXXO2TMkM=
-115,260,2jfe8/D0cjaqA/mtYmrYNMh+9AE=,Zu7evpODfoz6GLlUUFVXXO2TMkM=
-115,259,2jfe8/D0cjaqA/mtYmrYNMh+9AE=,Zu7evpODfoz6GLlUUFVXXO2TMkM=
-116,268,2jfe8/D0cjaqA/mtYmrYNMh+9AE=,Zu7evpODfoz6GLlUUFVXXO2TMkM=
-118,271,2jfe8/D0cjaqA/mtYmrYNMh+9AE=,Zu7evpODfoz6GLlUUFVXXO2TMkM=
-115,265,2jfe8/D0cjaqA/mtYmrYNMh+9AE=,Zu7evpODfoz6GLlUUFVXXO2TMkM=
-115,257,2jfe8/D0cjaqA/mtYmrYNMh+9AE=,Zu7evpODfoz6GLlUUFVXXO2TMkM=
-115,268,2jfe8/D0cjaqA/mtYmrYNMh+9AE=,Zu7evpODfoz6GLlUUFVXXO2TMkM=
-116,265,2jfe8/D0cjaqA/mtYmrYNMh+9AE=,Zu7evpODfoz6GLlUUFVXXO2TMkM=
-114,268,2jfe8/D0cjaqA/mtYmrYNMh+9AE=,Zu7evpODfoz6GLlUUFVXXO2TMkM=
-113,268,2jfe8/D0cjaqA/mtYmrYNMh+9AE=,Zu7evpODfoz6GLlUUFVXXO2TMkM=
-120,269,2jfe8/D0cjaqA/mtYmrYNMh+9AE=,Zu7evpODfoz6GLlUUFVXXO2TMkM=
-114,257,2jfe8/D0cjaqA/mtYmrYNMh+9AE=,Zu7evpODfoz6GLlUUFVXXO2TMkM=
-117,271,2jfe8/D0cjaqA/mtYmrYNMh+9AE=,Zu7evpODfoz6GLlUUFVXXO2TMkM=
-117,265,2jfe8/D0cjaqA/mtYmrYNMh+9AE=,Zu7evpODfoz6GLlUUFVXXO2TMkM=
-119,269,2jfe8/D0cjaqA/mtYmrYNMh+9AE=,Zu7evpODfoz6GLlUUFVXXO2TMkM=
-118,269,2jfe8/D0cjaqA/mtYmrYNMh+9AE=,Zu7evpODfoz6GLlUUFVXXO2TMkM=
-119,271,2jfe8/D0cjaqA/mtYmrYNMh+9AE=,Zu7evpODfoz6GLlUUFVXXO2TMkM=
-117,269,2jfe8/D0cjaqA/mtYmrYNMh+9AE=,Zu7evpODfoz6GLlUUFVXXO2TMkM=
-116,269,2jfe8/D0cjaqA/mtYmrYNMh+9AE=,Zu7evpODfoz6GLlUUFVXXO2TMkM=
-115,269,2jfe8/D0cjaqA/mtYmrYNMh+9AE=,Zu7evpODfoz6GLlUUFVXXO2TMkM=
-118,259,2jfe8/D0cjaqA/mtYmrYNMh+9AE=,Zu7evpODfoz6GLlUUFVXXO2TMkM=
-113,269,2jfe8/D0cjaqA/mtYmrYNMh+9AE=,Zu7evpODfoz6GLlUUFVXXO2TMkM=
-118,257,2jfe8/D0cjaqA/mtYmrYNMh+9AE=,Zu7evpODfoz6GLlUUFVXXO2TMkM=
-119,265,2jfe8/D0cjaqA/mtYmrYNMh+9AE=,Zu7evpODfoz6GLlUUFVXXO2TMkM=
-120,270,2jfe8/D0cjaqA/mtYmrYNMh+9AE=,Zu7evpODfoz6GLlUUFVXXO2TMkM=
-114,269,2jfe8/D0cjaqA/mtYmrYNMh+9AE=,Zu7evpODfoz6GLlUUFVXXO2TMkM=
-120,265,2jfe8/D0cjaqA/mtYmrYNMh+9AE=,Zu7evpODfoz6GLlUUFVXXO2TMkM=
-113,264,2jfe8/D0cjaqA/mtYmrYNMh+9AE=,Zu7evpODfoz6GLlUUFVXXO2TMkM=
-117,259,2jfe8/D0cjaqA/mtYmrYNMh+9AE=,Zu7evpODfoz6GLlUUFVXXO2TMkM=
-119,270,2jfe8/D0cjaqA/mtYmrYNMh+9AE=,Zu7evpODfoz6GLlUUFVXXO2TMkM=
-114,261,2jfe8/D0cjaqA/mtYmrYNMh+9AE=,Zu7evpODfoz6GLlUUFVXXO2TMkM=
-118,270,2jfe8/D0cjaqA/mtYmrYNMh+9AE=,Zu7evpODfoz6GLlUUFVXXO2TMkM=
-115,264,2jfe8/D0cjaqA/mtYmrYNMh+9AE=,Zu7evpODfoz6GLlUUFVXXO2TMkM=
-116,264,2jfe8/D0cjaqA/mtYmrYNMh+9AE=,Zu7evpODfoz6GLlUUFVXXO2TMkM=
-116,270,2jfe8/D0cjaqA/mtYmrYNMh+9AE=,Zu7evpODfoz6GLlUUFVXXO2TMkM=
-113,257,2jfe8/D0cjaqA/mtYmrYNMh+9AE=,Zu7evpODfoz6GLlUUFVXXO2TMkM=
-117,264,2jfe8/D0cjaqA/mtYmrYNMh+9AE=,Zu7evpODfoz6GLlUUFVXXO2TMkM=
-115,270,2jfe8/D0cjaqA/mtYmrYNMh+9AE=,Zu7evpODfoz6GLlUUFVXXO2TMkM=
-114,270,2jfe8/D0cjaqA/mtYmrYNMh+9AE=,Zu7evpODfoz6GLlUUFVXXO2TMkM=
-117,270,2jfe8/D0cjaqA/mtYmrYNMh+9AE=,Zu7evpODfoz6GLlUUFVXXO2TMkM=
-113,270,2jfe8/D0cjaqA/mtYmrYNMh+9AE=,Zu7evpODfoz6GLlUUFVXXO2TMkM=
-114,259,2jfe8/D0cjaqA/mtYmrYNMh+9AE=,Zu7evpODfoz6GLlUUFVXXO2TMkM=
-120,271,2jfe8/D0cjaqA/mtYmrYNMh+9AE=,Zu7evpODfoz6GLlUUFVXXO2TMkM=
-116,260,2jfe8/D0cjaqA/mtYmrYNMh+9AE=,Zu7evpODfoz6GLlUUFVXXO2TMkM=
-117,258,2jfe8/D0cjaqA/mtYmrYNMh+9AE=,Zu7evpODfoz6GLlUUFVXXO2TMkM=
-115,256,2jfe8/D0cjaqA/mtYmrYNMh+9AE=,Zu7evpODfoz6GLlUUFVXXO2TMkM=
-117,260,2jfe8/D0cjaqA/mtYmrYNMh+9AE=,Zu7evpODfoz6GLlUUFVXXO2TMkM=
-118,260,2jfe8/D0cjaqA/mtYmrYNMh+9AE=,Zu7evpODfoz6GLlUUFVXXO2TMkM=
-119,260,2jfe8/D0cjaqA/mtYmrYNMh+9AE=,Zu7evpODfoz6GLlUUFVXXO2TMkM=
-120,260,2jfe8/D0cjaqA/mtYmrYNMh+9AE=,Zu7evpODfoz6GLlUUFVXXO2TMkM=
-115,263,2jfe8/D0cjaqA/mtYmrYNMh+9AE=,Zu7evpODfoz6GLlUUFVXXO2TMkM=
-114,263,2jfe8/D0cjaqA/mtYmrYNMh+9AE=,Zu7evpODfoz6GLlUUFVXXO2TMkM=
-118,258,2jfe8/D0cjaqA/mtYmrYNMh+9AE=,Zu7evpODfoz6GLlUUFVXXO2TMkM=
-113,263,2jfe8/D0cjaqA/mtYmrYNMh+9AE=,Zu7evpODfoz6GLlUUFVXXO2TMkM=
-114,258,2jfe8/D0cjaqA/mtYmrYNMh+9AE=,Zu7evpODfoz6GLlUUFVXXO2TMkM=
-113,259,2jfe8/D0cjaqA/mtYmrYNMh+9AE=,Zu7evpODfoz6GLlUUFVXXO2TMkM=
-118,264,2jfe8/D0cjaqA/mtYmrYNMh+9AE=,Zu7evpODfoz6GLlUUFVXXO2TMkM=
-119,258,2jfe8/D0cjaqA/mtYmrYNMh+9AE=,Zu7evpODfoz6GLlUUFVXXO2TMkM=
-113,258,2jfe8/D0cjaqA/mtYmrYNMh+9AE=,Zu7evpODfoz6GLlUUFVXXO2TMkM=
-120,264,2jfe8/D0cjaqA/mtYmrYNMh+9AE=,Zu7evpODfoz6GLlUUFVXXO2TMkM=
-114,256,2jfe8/D0cjaqA/mtYmrYNMh+9AE=,Zu7evpODfoz6GLlUUFVXXO2TMkM=
-113,261,2jfe8/D0cjaqA/mtYmrYNMh+9AE=,Zu7evpODfoz6GLlUUFVXXO2TMkM=
-119,264,2jfe8/D0cjaqA/mtYmrYNMh+9AE=,Zu7evpODfoz6GLlUUFVXXO2TMkM=
-113,287,I+0e8YDy3u3RdvPAMXcN7NkKy7Q=,tQHL+uIGE0mnWwg54hrBtv0ixik=
-114,274,I+0e8YDy3u3RdvPAMXcN7NkKy7Q=,tQHL+uIGE0mnWwg54hrBtv0ixik=
-115,274,I+0e8YDy3u3RdvPAMXcN7NkKy7Q=,tQHL+uIGE0mnWwg54hrBtv0ixik=
-114,287,+ees8Crz3SZqE6x9KeV8dFh9p90=,tQHL+uIGE0mnWwg54hrBtv0ixik=
-115,276,4ksoKkY0+qcSsg9cY8Bi5S/JknM=,tQHL+uIGE0mnWwg54hrBtv0ixik=
-116,274,4ksoKkY0+qcSsg9cY8Bi5S/JknM=,tQHL+uIGE0mnWwg54hrBtv0ixik=
-115,287,4ksoKkY0+qcSsg9cY8Bi5S/JknM=,tQHL+uIGE0mnWwg54hrBtv0ixik=
-116,287,4ksoKkY0+qcSsg9cY8Bi5S/JknM=,tQHL+uIGE0mnWwg54hrBtv0ixik=
-119,287,4ksoKkY0+qcSsg9cY8Bi5S/JknM=,tQHL+uIGE0mnWwg54hrBtv0ixik=
-117,287,4ksoKkY0+qcSsg9cY8Bi5S/JknM=,tQHL+uIGE0mnWwg54hrBtv0ixik=
-113,286,4ksoKkY0+qcSsg9cY8Bi5S/JknM=,tQHL+uIGE0mnWwg54hrBtv0ixik=
-118,287,4ksoKkY0+qcSsg9cY8Bi5S/JknM=,tQHL+uIGE0mnWwg54hrBtv0ixik=
-114,286,4ksoKkY0+qcSsg9cY8Bi5S/JknM=,tQHL+uIGE0mnWwg54hrBtv0ixik=
-114,276,4ksoKkY0+qcSsg9cY8Bi5S/JknM=,tQHL+uIGE0mnWwg54hrBtv0ixik=
-117,274,4ksoKkY0+qcSsg9cY8Bi5S/JknM=,tQHL+uIGE0mnWwg54hrBtv0ixik=
-115,286,4ksoKkY0+qcSsg9cY8Bi5S/JknM=,tQHL+uIGE0mnWwg54hrBtv0ixik=
-117,276,4ksoKkY0+qcSsg9cY8Bi5S/JknM=,tQHL+uIGE0mnWwg54hrBtv0ixik=
-113,276,4ksoKkY0+qcSsg9cY8Bi5S/JknM=,tQHL+uIGE0mnWwg54hrBtv0ixik=
-116,276,4ksoKkY0+qcSsg9cY8Bi5S/JknM=,tQHL+uIGE0mnWwg54hrBtv0ixik=
-116,286,4ksoKkY0+qcSsg9cY8Bi5S/JknM=,tQHL+uIGE0mnWwg54hrBtv0ixik=
-120,277,4ksoKkY0+qcSsg9cY8Bi5S/JknM=,tQHL+uIGE0mnWwg54hrBtv0ixik=
-117,286,4ksoKkY0+qcSsg9cY8Bi5S/JknM=,tQHL+uIGE0mnWwg54hrBtv0ixik=
-118,276,4ksoKkY0+qcSsg9cY8Bi5S/JknM=,tQHL+uIGE0mnWwg54hrBtv0ixik=
-118,286,4ksoKkY0+qcSsg9cY8Bi5S/JknM=,tQHL+uIGE0mnWwg54hrBtv0ixik=
-120,287,4ksoKkY0+qcSsg9cY8Bi5S/JknM=,tQHL+uIGE0mnWwg54hrBtv0ixik=
-119,277,4ksoKkY0+qcSsg9cY8Bi5S/JknM=,tQHL+uIGE0mnWwg54hrBtv0ixik=
-118,277,4ksoKkY0+qcSsg9cY8Bi5S/JknM=,tQHL+uIGE0mnWwg54hrBtv0ixik=
-117,277,4ksoKkY0+qcSsg9cY8Bi5S/JknM=,tQHL+uIGE0mnWwg54hrBtv0ixik=
-119,286,4ksoKkY0+qcSsg9cY8Bi5S/JknM=,tQHL+uIGE0mnWwg54hrBtv0ixik=
-113,285,4ksoKkY0+qcSsg9cY8Bi5S/JknM=,tQHL+uIGE0mnWwg54hrBtv0ixik=
-120,286,4ksoKkY0+qcSsg9cY8Bi5S/JknM=,tQHL+uIGE0mnWwg54hrBtv0ixik=
-115,285,4ksoKkY0+qcSsg9cY8Bi5S/JknM=,tQHL+uIGE0mnWwg54hrBtv0ixik=
-114,285,4ksoKkY0+qcSsg9cY8Bi5S/JknM=,tQHL+uIGE0mnWwg54hrBtv0ixik=
-118,274,4ksoKkY0+qcSsg9cY8Bi5S/JknM=,tQHL+uIGE0mnWwg54hrBtv0ixik=
-117,272,4ksoKkY0+qcSsg9cY8Bi5S/JknM=,tQHL+uIGE0mnWwg54hrBtv0ixik=
-116,277,4ksoKkY0+qcSsg9cY8Bi5S/JknM=,tQHL+uIGE0mnWwg54hrBtv0ixik=
-113,274,4ksoKkY0+qcSsg9cY8Bi5S/JknM=,tQHL+uIGE0mnWwg54hrBtv0ixik=
-117,273,4ksoKkY0+qcSsg9cY8Bi5S/JknM=,tQHL+uIGE0mnWwg54hrBtv0ixik=
-119,274,4ksoKkY0+qcSsg9cY8Bi5S/JknM=,tQHL+uIGE0mnWwg54hrBtv0ixik=
-120,276,4ksoKkY0+qcSsg9cY8Bi5S/JknM=,tQHL+uIGE0mnWwg54hrBtv0ixik=
-119,272,4ksoKkY0+qcSsg9cY8Bi5S/JknM=,tQHL+uIGE0mnWwg54hrBtv0ixik=
-116,285,4ksoKkY0+qcSsg9cY8Bi5S/JknM=,tQHL+uIGE0mnWwg54hrBtv0ixik=
-119,276,4ksoKkY0+qcSsg9cY8Bi5S/JknM=,tQHL+uIGE0mnWwg54hrBtv0ixik=
-116,273,4ksoKkY0+qcSsg9cY8Bi5S/JknM=,tQHL+uIGE0mnWwg54hrBtv0ixik=
-117,285,4ksoKkY0+qcSsg9cY8Bi5S/JknM=,tQHL+uIGE0mnWwg54hrBtv0ixik=
-120,274,4ksoKkY0+qcSsg9cY8Bi5S/JknM=,tQHL+uIGE0mnWwg54hrBtv0ixik=
-120,285,4ksoKkY0+qcSsg9cY8Bi5S/JknM=,tQHL+uIGE0mnWwg54hrBtv0ixik=
-113,273,4ksoKkY0+qcSsg9cY8Bi5S/JknM=,tQHL+uIGE0mnWwg54hrBtv0ixik=
-113,284,4ksoKkY0+qcSsg9cY8Bi5S/JknM=,tQHL+uIGE0mnWwg54hrBtv0ixik=
-118,272,4ksoKkY0+qcSsg9cY8Bi5S/JknM=,tQHL+uIGE0mnWwg54hrBtv0ixik=
-119,285,4ksoKkY0+qcSsg9cY8Bi5S/JknM=,tQHL+uIGE0mnWwg54hrBtv0ixik=
-118,273,4ksoKkY0+qcSsg9cY8Bi5S/JknM=,tQHL+uIGE0mnWwg54hrBtv0ixik=
-119,273,4ksoKkY0+qcSsg9cY8Bi5S/JknM=,tQHL+uIGE0mnWwg54hrBtv0ixik=
-118,285,4ksoKkY0+qcSsg9cY8Bi5S/JknM=,tQHL+uIGE0mnWwg54hrBtv0ixik=
-113,272,4ksoKkY0+qcSsg9cY8Bi5S/JknM=,tQHL+uIGE0mnWwg54hrBtv0ixik=
-120,273,4ksoKkY0+qcSsg9cY8Bi5S/JknM=,tQHL+uIGE0mnWwg54hrBtv0ixik=
-114,284,4ksoKkY0+qcSsg9cY8Bi5S/JknM=,tQHL+uIGE0mnWwg54hrBtv0ixik=
-115,272,4ksoKkY0+qcSsg9cY8Bi5S/JknM=,tQHL+uIGE0mnWwg54hrBtv0ixik=
-114,272,4ksoKkY0+qcSsg9cY8Bi5S/JknM=,tQHL+uIGE0mnWwg54hrBtv0ixik=
-115,277,4ksoKkY0+qcSsg9cY8Bi5S/JknM=,tQHL+uIGE0mnWwg54hrBtv0ixik=
-120,275,4ksoKkY0+qcSsg9cY8Bi5S/JknM=,tQHL+uIGE0mnWwg54hrBtv0ixik=
-115,284,4ksoKkY0+qcSsg9cY8Bi5S/JknM=,tQHL+uIGE0mnWwg54hrBtv0ixik=
-113,275,4ksoKkY0+qcSsg9cY8Bi5S/JknM=,tQHL+uIGE0mnWwg54hrBtv0ixik=
-116,272,4ksoKkY0+qcSsg9cY8Bi5S/JknM=,tQHL+uIGE0mnWwg54hrBtv0ixik=
-114,277,4ksoKkY0+qcSsg9cY8Bi5S/JknM=,tQHL+uIGE0mnWwg54hrBtv0ixik=
-118,284,4ksoKkY0+qcSsg9cY8Bi5S/JknM=,tQHL+uIGE0mnWwg54hrBtv0ixik=
-117,284,4ksoKkY0+qcSsg9cY8Bi5S/JknM=,tQHL+uIGE0mnWwg54hrBtv0ixik=
-116,284,4ksoKkY0+qcSsg9cY8Bi5S/JknM=,tQHL+uIGE0mnWwg54hrBtv0ixik=
-113,283,4ksoKkY0+qcSsg9cY8Bi5S/JknM=,tQHL+uIGE0mnWwg54hrBtv0ixik=
-119,284,4ksoKkY0+qcSsg9cY8Bi5S/JknM=,tQHL+uIGE0mnWwg54hrBtv0ixik=
-115,283,4ksoKkY0+qcSsg9cY8Bi5S/JknM=,tQHL+uIGE0mnWwg54hrBtv0ixik=
-114,283,4ksoKkY0+qcSsg9cY8Bi5S/JknM=,tQHL+uIGE0mnWwg54hrBtv0ixik=
-115,273,4ksoKkY0+qcSsg9cY8Bi5S/JknM=,tQHL+uIGE0mnWwg54hrBtv0ixik=
-114,275,4ksoKkY0+qcSsg9cY8Bi5S/JknM=,tQHL+uIGE0mnWwg54hrBtv0ixik=
-120,284,4ksoKkY0+qcSsg9cY8Bi5S/JknM=,tQHL+uIGE0mnWwg54hrBtv0ixik=
-113,277,4ksoKkY0+qcSsg9cY8Bi5S/JknM=,tQHL+uIGE0mnWwg54hrBtv0ixik=
-120,278,4ksoKkY0+qcSsg9cY8Bi5S/JknM=,tQHL+uIGE0mnWwg54hrBtv0ixik=
-118,283,4ksoKkY0+qcSsg9cY8Bi5S/JknM=,tQHL+uIGE0mnWwg54hrBtv0ixik=
-117,283,4ksoKkY0+qcSsg9cY8Bi5S/JknM=,tQHL+uIGE0mnWwg54hrBtv0ixik=
-119,278,4ksoKkY0+qcSsg9cY8Bi5S/JknM=,tQHL+uIGE0mnWwg54hrBtv0ixik=
-116,283,4ksoKkY0+qcSsg9cY8Bi5S/JknM=,tQHL+uIGE0mnWwg54hrBtv0ixik=
-120,283,4ksoKkY0+qcSsg9cY8Bi5S/JknM=,tQHL+uIGE0mnWwg54hrBtv0ixik=
-119,283,4ksoKkY0+qcSsg9cY8Bi5S/JknM=,tQHL+uIGE0mnWwg54hrBtv0ixik=
-115,282,4ksoKkY0+qcSsg9cY8Bi5S/JknM=,tQHL+uIGE0mnWwg54hrBtv0ixik=
-113,282,4ksoKkY0+qcSsg9cY8Bi5S/JknM=,tQHL+uIGE0mnWwg54hrBtv0ixik=
-114,282,4ksoKkY0+qcSsg9cY8Bi5S/JknM=,tQHL+uIGE0mnWwg54hrBtv0ixik=
-115,275,4ksoKkY0+qcSsg9cY8Bi5S/JknM=,tQHL+uIGE0mnWwg54hrBtv0ixik=
-116,282,4ksoKkY0+qcSsg9cY8Bi5S/JknM=,tQHL+uIGE0mnWwg54hrBtv0ixik=
-113,281,4ksoKkY0+qcSsg9cY8Bi5S/JknM=,tQHL+uIGE0mnWwg54hrBtv0ixik=
-119,282,4ksoKkY0+qcSsg9cY8Bi5S/JknM=,tQHL+uIGE0mnWwg54hrBtv0ixik=
-114,273,4ksoKkY0+qcSsg9cY8Bi5S/JknM=,tQHL+uIGE0mnWwg54hrBtv0ixik=
-115,281,4ksoKkY0+qcSsg9cY8Bi5S/JknM=,tQHL+uIGE0mnWwg54hrBtv0ixik=
-118,282,4ksoKkY0+qcSsg9cY8Bi5S/JknM=,tQHL+uIGE0mnWwg54hrBtv0ixik=
-114,281,4ksoKkY0+qcSsg9cY8Bi5S/JknM=,tQHL+uIGE0mnWwg54hrBtv0ixik=
-116,275,4ksoKkY0+qcSsg9cY8Bi5S/JknM=,tQHL+uIGE0mnWwg54hrBtv0ixik=
-116,281,4ksoKkY0+qcSsg9cY8Bi5S/JknM=,tQHL+uIGE0mnWwg54hrBtv0ixik=
-118,281,4ksoKkY0+qcSsg9cY8Bi5S/JknM=,tQHL+uIGE0mnWwg54hrBtv0ixik=
-117,282,4ksoKkY0+qcSsg9cY8Bi5S/JknM=,tQHL+uIGE0mnWwg54hrBtv0ixik=
-117,281,4ksoKkY0+qcSsg9cY8Bi5S/JknM=,tQHL+uIGE0mnWwg54hrBtv0ixik=
-113,280,4ksoKkY0+qcSsg9cY8Bi5S/JknM=,tQHL+uIGE0mnWwg54hrBtv0ixik=
-120,281,4ksoKkY0+qcSsg9cY8Bi5S/JknM=,tQHL+uIGE0mnWwg54hrBtv0ixik=
-119,281,4ksoKkY0+qcSsg9cY8Bi5S/JknM=,tQHL+uIGE0mnWwg54hrBtv0ixik=
-117,275,4ksoKkY0+qcSsg9cY8Bi5S/JknM=,tQHL+uIGE0mnWwg54hrBtv0ixik=
-114,280,4ksoKkY0+qcSsg9cY8Bi5S/JknM=,tQHL+uIGE0mnWwg54hrBtv0ixik=
-115,280,4ksoKkY0+qcSsg9cY8Bi5S/JknM=,tQHL+uIGE0mnWwg54hrBtv0ixik=
-116,280,4ksoKkY0+qcSsg9cY8Bi5S/JknM=,tQHL+uIGE0mnWwg54hrBtv0ixik=
-118,278,4ksoKkY0+qcSsg9cY8Bi5S/JknM=,tQHL+uIGE0mnWwg54hrBtv0ixik=
-117,280,4ksoKkY0+qcSsg9cY8Bi5S/JknM=,tQHL+uIGE0mnWwg54hrBtv0ixik=
-120,280,4ksoKkY0+qcSsg9cY8Bi5S/JknM=,tQHL+uIGE0mnWwg54hrBtv0ixik=
-119,280,4ksoKkY0+qcSsg9cY8Bi5S/JknM=,tQHL+uIGE0mnWwg54hrBtv0ixik=
-120,282,4ksoKkY0+qcSsg9cY8Bi5S/JknM=,tQHL+uIGE0mnWwg54hrBtv0ixik=
-117,278,4ksoKkY0+qcSsg9cY8Bi5S/JknM=,tQHL+uIGE0mnWwg54hrBtv0ixik=
-115,279,4ksoKkY0+qcSsg9cY8Bi5S/JknM=,tQHL+uIGE0mnWwg54hrBtv0ixik=
-118,275,4ksoKkY0+qcSsg9cY8Bi5S/JknM=,tQHL+uIGE0mnWwg54hrBtv0ixik=
-120,272,4ksoKkY0+qcSsg9cY8Bi5S/JknM=,tQHL+uIGE0mnWwg54hrBtv0ixik=
-114,279,4ksoKkY0+qcSsg9cY8Bi5S/JknM=,tQHL+uIGE0mnWwg54hrBtv0ixik=
-116,278,4ksoKkY0+qcSsg9cY8Bi5S/JknM=,tQHL+uIGE0mnWwg54hrBtv0ixik=
-119,275,4ksoKkY0+qcSsg9cY8Bi5S/JknM=,tQHL+uIGE0mnWwg54hrBtv0ixik=
-117,279,4ksoKkY0+qcSsg9cY8Bi5S/JknM=,tQHL+uIGE0mnWwg54hrBtv0ixik=
-116,279,4ksoKkY0+qcSsg9cY8Bi5S/JknM=,tQHL+uIGE0mnWwg54hrBtv0ixik=
-120,279,4ksoKkY0+qcSsg9cY8Bi5S/JknM=,tQHL+uIGE0mnWwg54hrBtv0ixik=
-115,278,4ksoKkY0+qcSsg9cY8Bi5S/JknM=,tQHL+uIGE0mnWwg54hrBtv0ixik=
-113,278,4ksoKkY0+qcSsg9cY8Bi5S/JknM=,tQHL+uIGE0mnWwg54hrBtv0ixik=
-119,279,4ksoKkY0+qcSsg9cY8Bi5S/JknM=,tQHL+uIGE0mnWwg54hrBtv0ixik=
-118,280,4ksoKkY0+qcSsg9cY8Bi5S/JknM=,tQHL+uIGE0mnWwg54hrBtv0ixik=
-114,278,4ksoKkY0+qcSsg9cY8Bi5S/JknM=,tQHL+uIGE0mnWwg54hrBtv0ixik=
-118,279,4ksoKkY0+qcSsg9cY8Bi5S/JknM=,tQHL+uIGE0mnWwg54hrBtv0ixik=
-113,279,4ksoKkY0+qcSsg9cY8Bi5S/JknM=,tQHL+uIGE0mnWwg54hrBtv0ixik=
-111,272,3nz7Xs+C2cqmWPMjb2K2zc8w4os=,L2/ELUhyDv1mIqNLetyvqYqAHcI=
-100,273,aWC2nGtl2e8+2xFjTlZRbCqAZLY=,L2/ELUhyDv1mIqNLetyvqYqAHcI=
-99,273,aWC2nGtl2e8+2xFjTlZRbCqAZLY=,L2/ELUhyDv1mIqNLetyvqYqAHcI=
-102,273,aWC2nGtl2e8+2xFjTlZRbCqAZLY=,L2/ELUhyDv1mIqNLetyvqYqAHcI=
-106,280,nTghy7Ckzd23WrGZEUg+BREjN2A=,L2/ELUhyDv1mIqNLetyvqYqAHcI=
-98,273,nTghy7Ckzd23WrGZEUg+BREjN2A=,L2/ELUhyDv1mIqNLetyvqYqAHcI=
-105,280,9ar3IXepDA17ZKhWWxd+tjg7p/4=,L2/ELUhyDv1mIqNLetyvqYqAHcI=
-102,272,9ar3IXepDA17ZKhWWxd+tjg7p/4=,L2/ELUhyDv1mIqNLetyvqYqAHcI=
-97,273,9ar3IXepDA17ZKhWWxd+tjg7p/4=,L2/ELUhyDv1mIqNLetyvqYqAHcI=
-107,280,RGOWdMC/HGJnZpSXKlC064bpR+g=,L2/ELUhyDv1mIqNLetyvqYqAHcI=
-101,272,RGOWdMC/HGJnZpSXKlC064bpR+g=,L2/ELUhyDv1mIqNLetyvqYqAHcI=
-104,280,RGOWdMC/HGJnZpSXKlC064bpR+g=,L2/ELUhyDv1mIqNLetyvqYqAHcI=
-112,274,RGOWdMC/HGJnZpSXKlC064bpR+g=,L2/ELUhyDv1mIqNLetyvqYqAHcI=
-111,274,RGOWdMC/HGJnZpSXKlC064bpR+g=,L2/ELUhyDv1mIqNLetyvqYqAHcI=
-110,274,RGOWdMC/HGJnZpSXKlC064bpR+g=,L2/ELUhyDv1mIqNLetyvqYqAHcI=
-109,274,RGOWdMC/HGJnZpSXKlC064bpR+g=,L2/ELUhyDv1mIqNLetyvqYqAHcI=
-108,280,RGOWdMC/HGJnZpSXKlC064bpR+g=,L2/ELUhyDv1mIqNLetyvqYqAHcI=
-108,274,RGOWdMC/HGJnZpSXKlC064bpR+g=,L2/ELUhyDv1mIqNLetyvqYqAHcI=
-101,273,RGOWdMC/HGJnZpSXKlC064bpR+g=,L2/ELUhyDv1mIqNLetyvqYqAHcI=
-107,274,RGOWdMC/HGJnZpSXKlC064bpR+g=,L2/ELUhyDv1mIqNLetyvqYqAHcI=
-106,274,RGOWdMC/HGJnZpSXKlC064bpR+g=,L2/ELUhyDv1mIqNLetyvqYqAHcI=
-109,280,RGOWdMC/HGJnZpSXKlC064bpR+g=,L2/ELUhyDv1mIqNLetyvqYqAHcI=
-97,287,RGOWdMC/HGJnZpSXKlC064bpR+g=,L2/ELUhyDv1mIqNLetyvqYqAHcI=
-105,274,RGOWdMC/HGJnZpSXKlC064bpR+g=,L2/ELUhyDv1mIqNLetyvqYqAHcI=
-98,287,RGOWdMC/HGJnZpSXKlC064bpR+g=,L2/ELUhyDv1mIqNLetyvqYqAHcI=
-103,280,RGOWdMC/HGJnZpSXKlC064bpR+g=,L2/ELUhyDv1mIqNLetyvqYqAHcI=
-100,272,RGOWdMC/HGJnZpSXKlC064bpR+g=,L2/ELUhyDv1mIqNLetyvqYqAHcI=
-104,274,RGOWdMC/HGJnZpSXKlC064bpR+g=,L2/ELUhyDv1mIqNLetyvqYqAHcI=
-99,287,RGOWdMC/HGJnZpSXKlC064bpR+g=,L2/ELUhyDv1mIqNLetyvqYqAHcI=
-103,274,RGOWdMC/HGJnZpSXKlC064bpR+g=,L2/ELUhyDv1mIqNLetyvqYqAHcI=
-102,274,RGOWdMC/HGJnZpSXKlC064bpR+g=,L2/ELUhyDv1mIqNLetyvqYqAHcI=
-100,287,RGOWdMC/HGJnZpSXKlC064bpR+g=,L2/ELUhyDv1mIqNLetyvqYqAHcI=
-101,274,RGOWdMC/HGJnZpSXKlC064bpR+g=,L2/ELUhyDv1mIqNLetyvqYqAHcI=
-100,274,RGOWdMC/HGJnZpSXKlC064bpR+g=,L2/ELUhyDv1mIqNLetyvqYqAHcI=
-99,274,RGOWdMC/HGJnZpSXKlC064bpR+g=,L2/ELUhyDv1mIqNLetyvqYqAHcI=
-102,280,RGOWdMC/HGJnZpSXKlC064bpR+g=,L2/ELUhyDv1mIqNLetyvqYqAHcI=
-103,272,RGOWdMC/HGJnZpSXKlC064bpR+g=,L2/ELUhyDv1mIqNLetyvqYqAHcI=
-101,287,RGOWdMC/HGJnZpSXKlC064bpR+g=,L2/ELUhyDv1mIqNLetyvqYqAHcI=
-98,274,RGOWdMC/HGJnZpSXKlC064bpR+g=,L2/ELUhyDv1mIqNLetyvqYqAHcI=
-102,287,RGOWdMC/HGJnZpSXKlC064bpR+g=,L2/ELUhyDv1mIqNLetyvqYqAHcI=
-101,280,RGOWdMC/HGJnZpSXKlC064bpR+g=,L2/ELUhyDv1mIqNLetyvqYqAHcI=
-104,287,RGOWdMC/HGJnZpSXKlC064bpR+g=,L2/ELUhyDv1mIqNLetyvqYqAHcI=
-103,287,RGOWdMC/HGJnZpSXKlC064bpR+g=,L2/ELUhyDv1mIqNLetyvqYqAHcI=
-106,287,RGOWdMC/HGJnZpSXKlC064bpR+g=,L2/ELUhyDv1mIqNLetyvqYqAHcI=
-105,287,RGOWdMC/HGJnZpSXKlC064bpR+g=,L2/ELUhyDv1mIqNLetyvqYqAHcI=
-97,274,RGOWdMC/HGJnZpSXKlC064bpR+g=,L2/ELUhyDv1mIqNLetyvqYqAHcI=
-108,287,RGOWdMC/HGJnZpSXKlC064bpR+g=,L2/ELUhyDv1mIqNLetyvqYqAHcI=
-99,272,RGOWdMC/HGJnZpSXKlC064bpR+g=,L2/ELUhyDv1mIqNLetyvqYqAHcI=
-107,287,RGOWdMC/HGJnZpSXKlC064bpR+g=,L2/ELUhyDv1mIqNLetyvqYqAHcI=
-112,275,RGOWdMC/HGJnZpSXKlC064bpR+g=,L2/ELUhyDv1mIqNLetyvqYqAHcI=
-111,275,RGOWdMC/HGJnZpSXKlC064bpR+g=,L2/ELUhyDv1mIqNLetyvqYqAHcI=
-110,275,RGOWdMC/HGJnZpSXKlC064bpR+g=,L2/ELUhyDv1mIqNLetyvqYqAHcI=
-109,275,RGOWdMC/HGJnZpSXKlC064bpR+g=,L2/ELUhyDv1mIqNLetyvqYqAHcI=
-109,287,RGOWdMC/HGJnZpSXKlC064bpR+g=,L2/ELUhyDv1mIqNLetyvqYqAHcI=
-110,287,RGOWdMC/HGJnZpSXKlC064bpR+g=,L2/ELUhyDv1mIqNLetyvqYqAHcI=
-110,272,RGOWdMC/HGJnZpSXKlC064bpR+g=,L2/ELUhyDv1mIqNLetyvqYqAHcI=
-112,287,RGOWdMC/HGJnZpSXKlC064bpR+g=,L2/ELUhyDv1mIqNLetyvqYqAHcI=
-108,275,RGOWdMC/HGJnZpSXKlC064bpR+g=,L2/ELUhyDv1mIqNLetyvqYqAHcI=
-107,275,RGOWdMC/HGJnZpSXKlC064bpR+g=,L2/ELUhyDv1mIqNLetyvqYqAHcI=
-106,275,RGOWdMC/HGJnZpSXKlC064bpR+g=,L2/ELUhyDv1mIqNLetyvqYqAHcI=
-110,280,RGOWdMC/HGJnZpSXKlC064bpR+g=,L2/ELUhyDv1mIqNLetyvqYqAHcI=
-111,287,RGOWdMC/HGJnZpSXKlC064bpR+g=,L2/ELUhyDv1mIqNLetyvqYqAHcI=
-111,280,RGOWdMC/HGJnZpSXKlC064bpR+g=,L2/ELUhyDv1mIqNLetyvqYqAHcI=
-98,272,RGOWdMC/HGJnZpSXKlC064bpR+g=,L2/ELUhyDv1mIqNLetyvqYqAHcI=
-105,275,RGOWdMC/HGJnZpSXKlC064bpR+g=,L2/ELUhyDv1mIqNLetyvqYqAHcI=
-97,286,RGOWdMC/HGJnZpSXKlC064bpR+g=,L2/ELUhyDv1mIqNLetyvqYqAHcI=
-112,280,RGOWdMC/HGJnZpSXKlC064bpR+g=,L2/ELUhyDv1mIqNLetyvqYqAHcI=
-97,272,RGOWdMC/HGJnZpSXKlC064bpR+g=,L2/ELUhyDv1mIqNLetyvqYqAHcI=
-98,286,RGOWdMC/HGJnZpSXKlC064bpR+g=,L2/ELUhyDv1mIqNLetyvqYqAHcI=
-100,286,RGOWdMC/HGJnZpSXKlC064bpR+g=,L2/ELUhyDv1mIqNLetyvqYqAHcI=
-101,286,RGOWdMC/HGJnZpSXKlC064bpR+g=,L2/ELUhyDv1mIqNLetyvqYqAHcI=
-104,275,RGOWdMC/HGJnZpSXKlC064bpR+g=,L2/ELUhyDv1mIqNLetyvqYqAHcI=
-102,286,RGOWdMC/HGJnZpSXKlC064bpR+g=,L2/ELUhyDv1mIqNLetyvqYqAHcI=
-103,275,RGOWdMC/HGJnZpSXKlC064bpR+g=,L2/ELUhyDv1mIqNLetyvqYqAHcI=
-99,286,RGOWdMC/HGJnZpSXKlC064bpR+g=,L2/ELUhyDv1mIqNLetyvqYqAHcI=
-103,286,RGOWdMC/HGJnZpSXKlC064bpR+g=,L2/ELUhyDv1mIqNLetyvqYqAHcI=
-102,275,RGOWdMC/HGJnZpSXKlC064bpR+g=,L2/ELUhyDv1mIqNLetyvqYqAHcI=
-104,286,RGOWdMC/HGJnZpSXKlC064bpR+g=,L2/ELUhyDv1mIqNLetyvqYqAHcI=
-106,286,RGOWdMC/HGJnZpSXKlC064bpR+g=,L2/ELUhyDv1mIqNLetyvqYqAHcI=
-105,286,RGOWdMC/HGJnZpSXKlC064bpR+g=,L2/ELUhyDv1mIqNLetyvqYqAHcI=
-101,275,RGOWdMC/HGJnZpSXKlC064bpR+g=,L2/ELUhyDv1mIqNLetyvqYqAHcI=
-100,275,RGOWdMC/HGJnZpSXKlC064bpR+g=,L2/ELUhyDv1mIqNLetyvqYqAHcI=
-99,275,RGOWdMC/HGJnZpSXKlC064bpR+g=,L2/ELUhyDv1mIqNLetyvqYqAHcI=
-98,275,RGOWdMC/HGJnZpSXKlC064bpR+g=,L2/ELUhyDv1mIqNLetyvqYqAHcI=
-107,286,RGOWdMC/HGJnZpSXKlC064bpR+g=,L2/ELUhyDv1mIqNLetyvqYqAHcI=
-110,286,RGOWdMC/HGJnZpSXKlC064bpR+g=,L2/ELUhyDv1mIqNLetyvqYqAHcI=
-109,286,RGOWdMC/HGJnZpSXKlC064bpR+g=,L2/ELUhyDv1mIqNLetyvqYqAHcI=
-111,286,RGOWdMC/HGJnZpSXKlC064bpR+g=,L2/ELUhyDv1mIqNLetyvqYqAHcI=
-112,272,RGOWdMC/HGJnZpSXKlC064bpR+g=,L2/ELUhyDv1mIqNLetyvqYqAHcI=
-97,275,RGOWdMC/HGJnZpSXKlC064bpR+g=,L2/ELUhyDv1mIqNLetyvqYqAHcI=
-112,273,RGOWdMC/HGJnZpSXKlC064bpR+g=,L2/ELUhyDv1mIqNLetyvqYqAHcI=
-104,272,RGOWdMC/HGJnZpSXKlC064bpR+g=,L2/ELUhyDv1mIqNLetyvqYqAHcI=
-108,286,RGOWdMC/HGJnZpSXKlC064bpR+g=,L2/ELUhyDv1mIqNLetyvqYqAHcI=
-112,276,RGOWdMC/HGJnZpSXKlC064bpR+g=,L2/ELUhyDv1mIqNLetyvqYqAHcI=
-111,276,RGOWdMC/HGJnZpSXKlC064bpR+g=,L2/ELUhyDv1mIqNLetyvqYqAHcI=
-110,276,RGOWdMC/HGJnZpSXKlC064bpR+g=,L2/ELUhyDv1mIqNLetyvqYqAHcI=
-109,276,RGOWdMC/HGJnZpSXKlC064bpR+g=,L2/ELUhyDv1mIqNLetyvqYqAHcI=
-98,285,RGOWdMC/HGJnZpSXKlC064bpR+g=,L2/ELUhyDv1mIqNLetyvqYqAHcI=
-112,286,RGOWdMC/HGJnZpSXKlC064bpR+g=,L2/ELUhyDv1mIqNLetyvqYqAHcI=
-97,285,RGOWdMC/HGJnZpSXKlC064bpR+g=,L2/ELUhyDv1mIqNLetyvqYqAHcI=
-100,285,RGOWdMC/HGJnZpSXKlC064bpR+g=,L2/ELUhyDv1mIqNLetyvqYqAHcI=
-101,285,RGOWdMC/HGJnZpSXKlC064bpR+g=,L2/ELUhyDv1mIqNLetyvqYqAHcI=
-103,285,RGOWdMC/HGJnZpSXKlC064bpR+g=,L2/ELUhyDv1mIqNLetyvqYqAHcI=
-99,285,RGOWdMC/HGJnZpSXKlC064bpR+g=,L2/ELUhyDv1mIqNLetyvqYqAHcI=
-104,285,RGOWdMC/HGJnZpSXKlC064bpR+g=,L2/ELUhyDv1mIqNLetyvqYqAHcI=
-102,285,RGOWdMC/HGJnZpSXKlC064bpR+g=,L2/ELUhyDv1mIqNLetyvqYqAHcI=
-106,285,RGOWdMC/HGJnZpSXKlC064bpR+g=,L2/ELUhyDv1mIqNLetyvqYqAHcI=
-105,285,RGOWdMC/HGJnZpSXKlC064bpR+g=,L2/ELUhyDv1mIqNLetyvqYqAHcI=
-107,285,RGOWdMC/HGJnZpSXKlC064bpR+g=,L2/ELUhyDv1mIqNLetyvqYqAHcI=
-108,285,RGOWdMC/HGJnZpSXKlC064bpR+g=,L2/ELUhyDv1mIqNLetyvqYqAHcI=
-110,285,RGOWdMC/HGJnZpSXKlC064bpR+g=,L2/ELUhyDv1mIqNLetyvqYqAHcI=
-109,285,RGOWdMC/HGJnZpSXKlC064bpR+g=,L2/ELUhyDv1mIqNLetyvqYqAHcI=
-97,279,RGOWdMC/HGJnZpSXKlC064bpR+g=,L2/ELUhyDv1mIqNLetyvqYqAHcI=
-111,285,RGOWdMC/HGJnZpSXKlC064bpR+g=,L2/ELUhyDv1mIqNLetyvqYqAHcI=
-112,285,RGOWdMC/HGJnZpSXKlC064bpR+g=,L2/ELUhyDv1mIqNLetyvqYqAHcI=
-105,272,RGOWdMC/HGJnZpSXKlC064bpR+g=,L2/ELUhyDv1mIqNLetyvqYqAHcI=
-98,284,RGOWdMC/HGJnZpSXKlC064bpR+g=,L2/ELUhyDv1mIqNLetyvqYqAHcI=
-108,276,RGOWdMC/HGJnZpSXKlC064bpR+g=,L2/ELUhyDv1mIqNLetyvqYqAHcI=
-99,284,RGOWdMC/HGJnZpSXKlC064bpR+g=,L2/ELUhyDv1mIqNLetyvqYqAHcI=
-100,284,RGOWdMC/HGJnZpSXKlC064bpR+g=,L2/ELUhyDv1mIqNLetyvqYqAHcI=
-102,284,RGOWdMC/HGJnZpSXKlC064bpR+g=,L2/ELUhyDv1mIqNLetyvqYqAHcI=
-103,284,RGOWdMC/HGJnZpSXKlC064bpR+g=,L2/ELUhyDv1mIqNLetyvqYqAHcI=
-104,284,RGOWdMC/HGJnZpSXKlC064bpR+g=,L2/ELUhyDv1mIqNLetyvqYqAHcI=
-107,276,RGOWdMC/HGJnZpSXKlC064bpR+g=,L2/ELUhyDv1mIqNLetyvqYqAHcI=
-97,284,RGOWdMC/HGJnZpSXKlC064bpR+g=,L2/ELUhyDv1mIqNLetyvqYqAHcI=
-106,284,RGOWdMC/HGJnZpSXKlC064bpR+g=,L2/ELUhyDv1mIqNLetyvqYqAHcI=
-105,276,RGOWdMC/HGJnZpSXKlC064bpR+g=,L2/ELUhyDv1mIqNLetyvqYqAHcI=
-106,276,RGOWdMC/HGJnZpSXKlC064bpR+g=,L2/ELUhyDv1mIqNLetyvqYqAHcI=
-111,273,RGOWdMC/HGJnZpSXKlC064bpR+g=,L2/ELUhyDv1mIqNLetyvqYqAHcI=
-104,276,RGOWdMC/HGJnZpSXKlC064bpR+g=,L2/ELUhyDv1mIqNLetyvqYqAHcI=
-101,284,RGOWdMC/HGJnZpSXKlC064bpR+g=,L2/ELUhyDv1mIqNLetyvqYqAHcI=
-103,276,RGOWdMC/HGJnZpSXKlC064bpR+g=,L2/ELUhyDv1mIqNLetyvqYqAHcI=
-102,276,RGOWdMC/HGJnZpSXKlC064bpR+g=,L2/ELUhyDv1mIqNLetyvqYqAHcI=
-101,276,RGOWdMC/HGJnZpSXKlC064bpR+g=,L2/ELUhyDv1mIqNLetyvqYqAHcI=
-108,284,RGOWdMC/HGJnZpSXKlC064bpR+g=,L2/ELUhyDv1mIqNLetyvqYqAHcI=
-107,284,RGOWdMC/HGJnZpSXKlC064bpR+g=,L2/ELUhyDv1mIqNLetyvqYqAHcI=
-100,276,RGOWdMC/HGJnZpSXKlC064bpR+g=,L2/ELUhyDv1mIqNLetyvqYqAHcI=
-99,276,RGOWdMC/HGJnZpSXKlC064bpR+g=,L2/ELUhyDv1mIqNLetyvqYqAHcI=
-110,284,RGOWdMC/HGJnZpSXKlC064bpR+g=,L2/ELUhyDv1mIqNLetyvqYqAHcI=
-109,284,RGOWdMC/HGJnZpSXKlC064bpR+g=,L2/ELUhyDv1mIqNLetyvqYqAHcI=
-98,276,RGOWdMC/HGJnZpSXKlC064bpR+g=,L2/ELUhyDv1mIqNLetyvqYqAHcI=
-105,284,RGOWdMC/HGJnZpSXKlC064bpR+g=,L2/ELUhyDv1mIqNLetyvqYqAHcI=
-106,272,RGOWdMC/HGJnZpSXKlC064bpR+g=,L2/ELUhyDv1mIqNLetyvqYqAHcI=
-112,284,RGOWdMC/HGJnZpSXKlC064bpR+g=,L2/ELUhyDv1mIqNLetyvqYqAHcI=
-111,284,RGOWdMC/HGJnZpSXKlC064bpR+g=,L2/ELUhyDv1mIqNLetyvqYqAHcI=
-98,279,RGOWdMC/HGJnZpSXKlC064bpR+g=,L2/ELUhyDv1mIqNLetyvqYqAHcI=
-99,279,RGOWdMC/HGJnZpSXKlC064bpR+g=,L2/ELUhyDv1mIqNLetyvqYqAHcI=
-103,273,RGOWdMC/HGJnZpSXKlC064bpR+g=,L2/ELUhyDv1mIqNLetyvqYqAHcI=
-100,279,RGOWdMC/HGJnZpSXKlC064bpR+g=,L2/ELUhyDv1mIqNLetyvqYqAHcI=
-101,279,RGOWdMC/HGJnZpSXKlC064bpR+g=,L2/ELUhyDv1mIqNLetyvqYqAHcI=
-103,279,RGOWdMC/HGJnZpSXKlC064bpR+g=,L2/ELUhyDv1mIqNLetyvqYqAHcI=
-102,279,RGOWdMC/HGJnZpSXKlC064bpR+g=,L2/ELUhyDv1mIqNLetyvqYqAHcI=
-97,283,RGOWdMC/HGJnZpSXKlC064bpR+g=,L2/ELUhyDv1mIqNLetyvqYqAHcI=
-97,276,RGOWdMC/HGJnZpSXKlC064bpR+g=,L2/ELUhyDv1mIqNLetyvqYqAHcI=
-98,283,RGOWdMC/HGJnZpSXKlC064bpR+g=,L2/ELUhyDv1mIqNLetyvqYqAHcI=
-110,273,RGOWdMC/HGJnZpSXKlC064bpR+g=,L2/ELUhyDv1mIqNLetyvqYqAHcI=
-105,279,RGOWdMC/HGJnZpSXKlC064bpR+g=,L2/ELUhyDv1mIqNLetyvqYqAHcI=
-112,277,RGOWdMC/HGJnZpSXKlC064bpR+g=,L2/ELUhyDv1mIqNLetyvqYqAHcI=
-100,283,RGOWdMC/HGJnZpSXKlC064bpR+g=,L2/ELUhyDv1mIqNLetyvqYqAHcI=
-104,279,RGOWdMC/HGJnZpSXKlC064bpR+g=,L2/ELUhyDv1mIqNLetyvqYqAHcI=
-111,277,RGOWdMC/HGJnZpSXKlC064bpR+g=,L2/ELUhyDv1mIqNLetyvqYqAHcI=
-110,277,RGOWdMC/HGJnZpSXKlC064bpR+g=,L2/ELUhyDv1mIqNLetyvqYqAHcI=
-109,277,RGOWdMC/HGJnZpSXKlC064bpR+g=,L2/ELUhyDv1mIqNLetyvqYqAHcI=
-102,283,RGOWdMC/HGJnZpSXKlC064bpR+g=,L2/ELUhyDv1mIqNLetyvqYqAHcI=
-108,277,RGOWdMC/HGJnZpSXKlC064bpR+g=,L2/ELUhyDv1mIqNLetyvqYqAHcI=
-104,283,RGOWdMC/HGJnZpSXKlC064bpR+g=,L2/ELUhyDv1mIqNLetyvqYqAHcI=
-103,283,RGOWdMC/HGJnZpSXKlC064bpR+g=,L2/ELUhyDv1mIqNLetyvqYqAHcI=
-107,277,RGOWdMC/HGJnZpSXKlC064bpR+g=,L2/ELUhyDv1mIqNLetyvqYqAHcI=
-101,283,RGOWdMC/HGJnZpSXKlC064bpR+g=,L2/ELUhyDv1mIqNLetyvqYqAHcI=
-105,283,RGOWdMC/HGJnZpSXKlC064bpR+g=,L2/ELUhyDv1mIqNLetyvqYqAHcI=
-106,277,RGOWdMC/HGJnZpSXKlC064bpR+g=,L2/ELUhyDv1mIqNLetyvqYqAHcI=
-107,283,RGOWdMC/HGJnZpSXKlC064bpR+g=,L2/ELUhyDv1mIqNLetyvqYqAHcI=
-108,283,RGOWdMC/HGJnZpSXKlC064bpR+g=,L2/ELUhyDv1mIqNLetyvqYqAHcI=
-106,283,RGOWdMC/HGJnZpSXKlC064bpR+g=,L2/ELUhyDv1mIqNLetyvqYqAHcI=
-99,283,RGOWdMC/HGJnZpSXKlC064bpR+g=,L2/ELUhyDv1mIqNLetyvqYqAHcI=
-111,283,RGOWdMC/HGJnZpSXKlC064bpR+g=,L2/ELUhyDv1mIqNLetyvqYqAHcI=
-109,283,RGOWdMC/HGJnZpSXKlC064bpR+g=,L2/ELUhyDv1mIqNLetyvqYqAHcI=
-112,283,RGOWdMC/HGJnZpSXKlC064bpR+g=,L2/ELUhyDv1mIqNLetyvqYqAHcI=
-105,277,RGOWdMC/HGJnZpSXKlC064bpR+g=,L2/ELUhyDv1mIqNLetyvqYqAHcI=
-109,273,RGOWdMC/HGJnZpSXKlC064bpR+g=,L2/ELUhyDv1mIqNLetyvqYqAHcI=
-104,273,RGOWdMC/HGJnZpSXKlC064bpR+g=,L2/ELUhyDv1mIqNLetyvqYqAHcI=
-104,277,RGOWdMC/HGJnZpSXKlC064bpR+g=,L2/ELUhyDv1mIqNLetyvqYqAHcI=
-106,279,RGOWdMC/HGJnZpSXKlC064bpR+g=,L2/ELUhyDv1mIqNLetyvqYqAHcI=
-97,282,RGOWdMC/HGJnZpSXKlC064bpR+g=,L2/ELUhyDv1mIqNLetyvqYqAHcI=
-103,277,RGOWdMC/HGJnZpSXKlC064bpR+g=,L2/ELUhyDv1mIqNLetyvqYqAHcI=
-102,277,RGOWdMC/HGJnZpSXKlC064bpR+g=,L2/ELUhyDv1mIqNLetyvqYqAHcI=
-101,277,RGOWdMC/HGJnZpSXKlC064bpR+g=,L2/ELUhyDv1mIqNLetyvqYqAHcI=
-107,279,RGOWdMC/HGJnZpSXKlC064bpR+g=,L2/ELUhyDv1mIqNLetyvqYqAHcI=
-100,277,RGOWdMC/HGJnZpSXKlC064bpR+g=,L2/ELUhyDv1mIqNLetyvqYqAHcI=
-98,282,RGOWdMC/HGJnZpSXKlC064bpR+g=,L2/ELUhyDv1mIqNLetyvqYqAHcI=
-99,277,RGOWdMC/HGJnZpSXKlC064bpR+g=,L2/ELUhyDv1mIqNLetyvqYqAHcI=
-98,277,RGOWdMC/HGJnZpSXKlC064bpR+g=,L2/ELUhyDv1mIqNLetyvqYqAHcI=
-100,282,RGOWdMC/HGJnZpSXKlC064bpR+g=,L2/ELUhyDv1mIqNLetyvqYqAHcI=
-99,282,RGOWdMC/HGJnZpSXKlC064bpR+g=,L2/ELUhyDv1mIqNLetyvqYqAHcI=
-109,272,RGOWdMC/HGJnZpSXKlC064bpR+g=,L2/ELUhyDv1mIqNLetyvqYqAHcI=
-108,272,RGOWdMC/HGJnZpSXKlC064bpR+g=,L2/ELUhyDv1mIqNLetyvqYqAHcI=
-101,282,RGOWdMC/HGJnZpSXKlC064bpR+g=,L2/ELUhyDv1mIqNLetyvqYqAHcI=
-97,277,RGOWdMC/HGJnZpSXKlC064bpR+g=,L2/ELUhyDv1mIqNLetyvqYqAHcI=
-110,283,RGOWdMC/HGJnZpSXKlC064bpR+g=,L2/ELUhyDv1mIqNLetyvqYqAHcI=
-104,282,RGOWdMC/HGJnZpSXKlC064bpR+g=,L2/ELUhyDv1mIqNLetyvqYqAHcI=
-108,273,RGOWdMC/HGJnZpSXKlC064bpR+g=,L2/ELUhyDv1mIqNLetyvqYqAHcI=
-103,282,RGOWdMC/HGJnZpSXKlC064bpR+g=,L2/ELUhyDv1mIqNLetyvqYqAHcI=
-105,282,RGOWdMC/HGJnZpSXKlC064bpR+g=,L2/ELUhyDv1mIqNLetyvqYqAHcI=
-102,282,RGOWdMC/HGJnZpSXKlC064bpR+g=,L2/ELUhyDv1mIqNLetyvqYqAHcI=
-107,282,RGOWdMC/HGJnZpSXKlC064bpR+g=,L2/ELUhyDv1mIqNLetyvqYqAHcI=
-108,282,RGOWdMC/HGJnZpSXKlC064bpR+g=,L2/ELUhyDv1mIqNLetyvqYqAHcI=
-106,282,RGOWdMC/HGJnZpSXKlC064bpR+g=,L2/ELUhyDv1mIqNLetyvqYqAHcI=
-110,282,RGOWdMC/HGJnZpSXKlC064bpR+g=,L2/ELUhyDv1mIqNLetyvqYqAHcI=
-109,282,RGOWdMC/HGJnZpSXKlC064bpR+g=,L2/ELUhyDv1mIqNLetyvqYqAHcI=
-111,282,RGOWdMC/HGJnZpSXKlC064bpR+g=,L2/ELUhyDv1mIqNLetyvqYqAHcI=
-112,282,RGOWdMC/HGJnZpSXKlC064bpR+g=,L2/ELUhyDv1mIqNLetyvqYqAHcI=
-97,281,RGOWdMC/HGJnZpSXKlC064bpR+g=,L2/ELUhyDv1mIqNLetyvqYqAHcI=
-109,279,RGOWdMC/HGJnZpSXKlC064bpR+g=,L2/ELUhyDv1mIqNLetyvqYqAHcI=
-98,281,RGOWdMC/HGJnZpSXKlC064bpR+g=,L2/ELUhyDv1mIqNLetyvqYqAHcI=
-110,279,RGOWdMC/HGJnZpSXKlC064bpR+g=,L2/ELUhyDv1mIqNLetyvqYqAHcI=
-99,281,RGOWdMC/HGJnZpSXKlC064bpR+g=,L2/ELUhyDv1mIqNLetyvqYqAHcI=
-108,279,RGOWdMC/HGJnZpSXKlC064bpR+g=,L2/ELUhyDv1mIqNLetyvqYqAHcI=
-100,281,RGOWdMC/HGJnZpSXKlC064bpR+g=,L2/ELUhyDv1mIqNLetyvqYqAHcI=
-101,281,RGOWdMC/HGJnZpSXKlC064bpR+g=,L2/ELUhyDv1mIqNLetyvqYqAHcI=
-102,281,RGOWdMC/HGJnZpSXKlC064bpR+g=,L2/ELUhyDv1mIqNLetyvqYqAHcI=
-112,278,RGOWdMC/HGJnZpSXKlC064bpR+g=,L2/ELUhyDv1mIqNLetyvqYqAHcI=
-111,278,RGOWdMC/HGJnZpSXKlC064bpR+g=,L2/ELUhyDv1mIqNLetyvqYqAHcI=
-103,281,RGOWdMC/HGJnZpSXKlC064bpR+g=,L2/ELUhyDv1mIqNLetyvqYqAHcI=
-110,278,RGOWdMC/HGJnZpSXKlC064bpR+g=,L2/ELUhyDv1mIqNLetyvqYqAHcI=
-109,278,RGOWdMC/HGJnZpSXKlC064bpR+g=,L2/ELUhyDv1mIqNLetyvqYqAHcI=
-108,278,RGOWdMC/HGJnZpSXKlC064bpR+g=,L2/ELUhyDv1mIqNLetyvqYqAHcI=
-104,281,RGOWdMC/HGJnZpSXKlC064bpR+g=,L2/ELUhyDv1mIqNLetyvqYqAHcI=
-106,281,RGOWdMC/HGJnZpSXKlC064bpR+g=,L2/ELUhyDv1mIqNLetyvqYqAHcI=
-107,278,RGOWdMC/HGJnZpSXKlC064bpR+g=,L2/ELUhyDv1mIqNLetyvqYqAHcI=
-107,281,RGOWdMC/HGJnZpSXKlC064bpR+g=,L2/ELUhyDv1mIqNLetyvqYqAHcI=
-106,278,RGOWdMC/HGJnZpSXKlC064bpR+g=,L2/ELUhyDv1mIqNLetyvqYqAHcI=
-109,281,RGOWdMC/HGJnZpSXKlC064bpR+g=,L2/ELUhyDv1mIqNLetyvqYqAHcI=
-110,281,RGOWdMC/HGJnZpSXKlC064bpR+g=,L2/ELUhyDv1mIqNLetyvqYqAHcI=
-105,278,RGOWdMC/HGJnZpSXKlC064bpR+g=,L2/ELUhyDv1mIqNLetyvqYqAHcI=
-107,273,RGOWdMC/HGJnZpSXKlC064bpR+g=,L2/ELUhyDv1mIqNLetyvqYqAHcI=
-104,278,RGOWdMC/HGJnZpSXKlC064bpR+g=,L2/ELUhyDv1mIqNLetyvqYqAHcI=
-103,278,RGOWdMC/HGJnZpSXKlC064bpR+g=,L2/ELUhyDv1mIqNLetyvqYqAHcI=
-102,278,RGOWdMC/HGJnZpSXKlC064bpR+g=,L2/ELUhyDv1mIqNLetyvqYqAHcI=
-111,281,RGOWdMC/HGJnZpSXKlC064bpR+g=,L2/ELUhyDv1mIqNLetyvqYqAHcI=
-105,281,RGOWdMC/HGJnZpSXKlC064bpR+g=,L2/ELUhyDv1mIqNLetyvqYqAHcI=
-111,279,RGOWdMC/HGJnZpSXKlC064bpR+g=,L2/ELUhyDv1mIqNLetyvqYqAHcI=
-108,281,RGOWdMC/HGJnZpSXKlC064bpR+g=,L2/ELUhyDv1mIqNLetyvqYqAHcI=
-112,281,RGOWdMC/HGJnZpSXKlC064bpR+g=,L2/ELUhyDv1mIqNLetyvqYqAHcI=
-97,280,RGOWdMC/HGJnZpSXKlC064bpR+g=,L2/ELUhyDv1mIqNLetyvqYqAHcI=
-101,278,RGOWdMC/HGJnZpSXKlC064bpR+g=,L2/ELUhyDv1mIqNLetyvqYqAHcI=
-105,273,RGOWdMC/HGJnZpSXKlC064bpR+g=,L2/ELUhyDv1mIqNLetyvqYqAHcI=
-98,280,RGOWdMC/HGJnZpSXKlC064bpR+g=,L2/ELUhyDv1mIqNLetyvqYqAHcI=
-107,272,RGOWdMC/HGJnZpSXKlC064bpR+g=,L2/ELUhyDv1mIqNLetyvqYqAHcI=
-100,278,RGOWdMC/HGJnZpSXKlC064bpR+g=,L2/ELUhyDv1mIqNLetyvqYqAHcI=
-99,280,RGOWdMC/HGJnZpSXKlC064bpR+g=,L2/ELUhyDv1mIqNLetyvqYqAHcI=
-106,273,RGOWdMC/HGJnZpSXKlC064bpR+g=,L2/ELUhyDv1mIqNLetyvqYqAHcI=
-99,278,RGOWdMC/HGJnZpSXKlC064bpR+g=,L2/ELUhyDv1mIqNLetyvqYqAHcI=
-98,278,RGOWdMC/HGJnZpSXKlC064bpR+g=,L2/ELUhyDv1mIqNLetyvqYqAHcI=
-100,280,RGOWdMC/HGJnZpSXKlC064bpR+g=,L2/ELUhyDv1mIqNLetyvqYqAHcI=
-112,279,RGOWdMC/HGJnZpSXKlC064bpR+g=,L2/ELUhyDv1mIqNLetyvqYqAHcI=
-97,278,RGOWdMC/HGJnZpSXKlC064bpR+g=,L2/ELUhyDv1mIqNLetyvqYqAHcI=
-109,256,nTovWeyYmVsKpL9uacusym4iD+E=,Sye/JiuPc6GcQwQDlaVg2e8vz+4=
-107,256,nTovWeyYmVsKpL9uacusym4iD+E=,Sye/JiuPc6GcQwQDlaVg2e8vz+4=
-105,259,JJz1m8YoKbkRjdm7ZxE9+AC9HRE=,Sye/JiuPc6GcQwQDlaVg2e8vz+4=
-107,259,FgRPD27Fpu9WTHcuKRSQ1+ykCKc=,Sye/JiuPc6GcQwQDlaVg2e8vz+4=
-106,259,dW8K9ETj71+jTwYZh0zUaJDX108=,Sye/JiuPc6GcQwQDlaVg2e8vz+4=
-107,258,dW8K9ETj71+jTwYZh0zUaJDX108=,Sye/JiuPc6GcQwQDlaVg2e8vz+4=
-110,258,dW8K9ETj71+jTwYZh0zUaJDX108=,Sye/JiuPc6GcQwQDlaVg2e8vz+4=
-109,258,mVNHqgzfUGnhGxbSvaYcd5+oS70=,Sye/JiuPc6GcQwQDlaVg2e8vz+4=
-108,258,mVNHqgzfUGnhGxbSvaYcd5+oS70=,Sye/JiuPc6GcQwQDlaVg2e8vz+4=
-107,257,mVNHqgzfUGnhGxbSvaYcd5+oS70=,Sye/JiuPc6GcQwQDlaVg2e8vz+4=
-111,256,mVNHqgzfUGnhGxbSvaYcd5+oS70=,Sye/JiuPc6GcQwQDlaVg2e8vz+4=
-108,257,mVNHqgzfUGnhGxbSvaYcd5+oS70=,Sye/JiuPc6GcQwQDlaVg2e8vz+4=
-97,271,mVNHqgzfUGnhGxbSvaYcd5+oS70=,Sye/JiuPc6GcQwQDlaVg2e8vz+4=
-108,259,mVNHqgzfUGnhGxbSvaYcd5+oS70=,Sye/JiuPc6GcQwQDlaVg2e8vz+4=
-99,271,mVNHqgzfUGnhGxbSvaYcd5+oS70=,Sye/JiuPc6GcQwQDlaVg2e8vz+4=
-100,271,mVNHqgzfUGnhGxbSvaYcd5+oS70=,Sye/JiuPc6GcQwQDlaVg2e8vz+4=
-111,258,mVNHqgzfUGnhGxbSvaYcd5+oS70=,Sye/JiuPc6GcQwQDlaVg2e8vz+4=
-101,271,mVNHqgzfUGnhGxbSvaYcd5+oS70=,Sye/JiuPc6GcQwQDlaVg2e8vz+4=
-103,271,mVNHqgzfUGnhGxbSvaYcd5+oS70=,Sye/JiuPc6GcQwQDlaVg2e8vz+4=
-104,259,mVNHqgzfUGnhGxbSvaYcd5+oS70=,Sye/JiuPc6GcQwQDlaVg2e8vz+4=
-98,271,mVNHqgzfUGnhGxbSvaYcd5+oS70=,Sye/JiuPc6GcQwQDlaVg2e8vz+4=
-103,259,mVNHqgzfUGnhGxbSvaYcd5+oS70=,Sye/JiuPc6GcQwQDlaVg2e8vz+4=
-106,258,mVNHqgzfUGnhGxbSvaYcd5+oS70=,Sye/JiuPc6GcQwQDlaVg2e8vz+4=
-105,271,mVNHqgzfUGnhGxbSvaYcd5+oS70=,Sye/JiuPc6GcQwQDlaVg2e8vz+4=
-104,271,mVNHqgzfUGnhGxbSvaYcd5+oS70=,Sye/JiuPc6GcQwQDlaVg2e8vz+4=
-106,257,mVNHqgzfUGnhGxbSvaYcd5+oS70=,Sye/JiuPc6GcQwQDlaVg2e8vz+4=
-107,271,mVNHqgzfUGnhGxbSvaYcd5+oS70=,Sye/JiuPc6GcQwQDlaVg2e8vz+4=
-102,271,mVNHqgzfUGnhGxbSvaYcd5+oS70=,Sye/JiuPc6GcQwQDlaVg2e8vz+4=
-106,256,mVNHqgzfUGnhGxbSvaYcd5+oS70=,Sye/JiuPc6GcQwQDlaVg2e8vz+4=
-109,271,mVNHqgzfUGnhGxbSvaYcd5+oS70=,Sye/JiuPc6GcQwQDlaVg2e8vz+4=
-110,271,mVNHqgzfUGnhGxbSvaYcd5+oS70=,Sye/JiuPc6GcQwQDlaVg2e8vz+4=
-108,271,mVNHqgzfUGnhGxbSvaYcd5+oS70=,Sye/JiuPc6GcQwQDlaVg2e8vz+4=
-102,259,mVNHqgzfUGnhGxbSvaYcd5+oS70=,Sye/JiuPc6GcQwQDlaVg2e8vz+4=
-111,271,mVNHqgzfUGnhGxbSvaYcd5+oS70=,Sye/JiuPc6GcQwQDlaVg2e8vz+4=
-112,271,mVNHqgzfUGnhGxbSvaYcd5+oS70=,Sye/JiuPc6GcQwQDlaVg2e8vz+4=
-97,270,mVNHqgzfUGnhGxbSvaYcd5+oS70=,Sye/JiuPc6GcQwQDlaVg2e8vz+4=
-101,259,mVNHqgzfUGnhGxbSvaYcd5+oS70=,Sye/JiuPc6GcQwQDlaVg2e8vz+4=
-108,256,mVNHqgzfUGnhGxbSvaYcd5+oS70=,Sye/JiuPc6GcQwQDlaVg2e8vz+4=
-109,257,mVNHqgzfUGnhGxbSvaYcd5+oS70=,Sye/JiuPc6GcQwQDlaVg2e8vz+4=
-98,270,mVNHqgzfUGnhGxbSvaYcd5+oS70=,Sye/JiuPc6GcQwQDlaVg2e8vz+4=
-99,270,mVNHqgzfUGnhGxbSvaYcd5+oS70=,Sye/JiuPc6GcQwQDlaVg2e8vz+4=
-109,259,mVNHqgzfUGnhGxbSvaYcd5+oS70=,Sye/JiuPc6GcQwQDlaVg2e8vz+4=
-101,270,mVNHqgzfUGnhGxbSvaYcd5+oS70=,Sye/JiuPc6GcQwQDlaVg2e8vz+4=
-106,271,mVNHqgzfUGnhGxbSvaYcd5+oS70=,Sye/JiuPc6GcQwQDlaVg2e8vz+4=
-102,270,mVNHqgzfUGnhGxbSvaYcd5+oS70=,Sye/JiuPc6GcQwQDlaVg2e8vz+4=
-104,270,mVNHqgzfUGnhGxbSvaYcd5+oS70=,Sye/JiuPc6GcQwQDlaVg2e8vz+4=
-103,270,mVNHqgzfUGnhGxbSvaYcd5+oS70=,Sye/JiuPc6GcQwQDlaVg2e8vz+4=
-100,259,mVNHqgzfUGnhGxbSvaYcd5+oS70=,Sye/JiuPc6GcQwQDlaVg2e8vz+4=
-99,259,mVNHqgzfUGnhGxbSvaYcd5+oS70=,Sye/JiuPc6GcQwQDlaVg2e8vz+4=
-108,270,mVNHqgzfUGnhGxbSvaYcd5+oS70=,Sye/JiuPc6GcQwQDlaVg2e8vz+4=
-105,270,mVNHqgzfUGnhGxbSvaYcd5+oS70=,Sye/JiuPc6GcQwQDlaVg2e8vz+4=
-109,270,mVNHqgzfUGnhGxbSvaYcd5+oS70=,Sye/JiuPc6GcQwQDlaVg2e8vz+4=
-98,259,mVNHqgzfUGnhGxbSvaYcd5+oS70=,Sye/JiuPc6GcQwQDlaVg2e8vz+4=
-97,259,mVNHqgzfUGnhGxbSvaYcd5+oS70=,Sye/JiuPc6GcQwQDlaVg2e8vz+4=
-111,270,mVNHqgzfUGnhGxbSvaYcd5+oS70=,Sye/JiuPc6GcQwQDlaVg2e8vz+4=
-106,270,mVNHqgzfUGnhGxbSvaYcd5+oS70=,Sye/JiuPc6GcQwQDlaVg2e8vz+4=
-112,270,mVNHqgzfUGnhGxbSvaYcd5+oS70=,Sye/JiuPc6GcQwQDlaVg2e8vz+4=
-110,270,mVNHqgzfUGnhGxbSvaYcd5+oS70=,Sye/JiuPc6GcQwQDlaVg2e8vz+4=
-112,260,mVNHqgzfUGnhGxbSvaYcd5+oS70=,Sye/JiuPc6GcQwQDlaVg2e8vz+4=
-112,258,mVNHqgzfUGnhGxbSvaYcd5+oS70=,Sye/JiuPc6GcQwQDlaVg2e8vz+4=
-100,270,mVNHqgzfUGnhGxbSvaYcd5+oS70=,Sye/JiuPc6GcQwQDlaVg2e8vz+4=
-105,257,mVNHqgzfUGnhGxbSvaYcd5+oS70=,Sye/JiuPc6GcQwQDlaVg2e8vz+4=
-112,256,mVNHqgzfUGnhGxbSvaYcd5+oS70=,Sye/JiuPc6GcQwQDlaVg2e8vz+4=
-110,259,mVNHqgzfUGnhGxbSvaYcd5+oS70=,Sye/JiuPc6GcQwQDlaVg2e8vz+4=
-99,269,mVNHqgzfUGnhGxbSvaYcd5+oS70=,Sye/JiuPc6GcQwQDlaVg2e8vz+4=
-100,269,mVNHqgzfUGnhGxbSvaYcd5+oS70=,Sye/JiuPc6GcQwQDlaVg2e8vz+4=
-97,269,mVNHqgzfUGnhGxbSvaYcd5+oS70=,Sye/JiuPc6GcQwQDlaVg2e8vz+4=
-98,269,mVNHqgzfUGnhGxbSvaYcd5+oS70=,Sye/JiuPc6GcQwQDlaVg2e8vz+4=
-111,260,mVNHqgzfUGnhGxbSvaYcd5+oS70=,Sye/JiuPc6GcQwQDlaVg2e8vz+4=
-103,269,mVNHqgzfUGnhGxbSvaYcd5+oS70=,Sye/JiuPc6GcQwQDlaVg2e8vz+4=
-102,269,mVNHqgzfUGnhGxbSvaYcd5+oS70=,Sye/JiuPc6GcQwQDlaVg2e8vz+4=
-110,260,mVNHqgzfUGnhGxbSvaYcd5+oS70=,Sye/JiuPc6GcQwQDlaVg2e8vz+4=
-104,269,mVNHqgzfUGnhGxbSvaYcd5+oS70=,Sye/JiuPc6GcQwQDlaVg2e8vz+4=
-109,260,mVNHqgzfUGnhGxbSvaYcd5+oS70=,Sye/JiuPc6GcQwQDlaVg2e8vz+4=
-105,269,mVNHqgzfUGnhGxbSvaYcd5+oS70=,Sye/JiuPc6GcQwQDlaVg2e8vz+4=
-101,269,mVNHqgzfUGnhGxbSvaYcd5+oS70=,Sye/JiuPc6GcQwQDlaVg2e8vz+4=
-108,269,mVNHqgzfUGnhGxbSvaYcd5+oS70=,Sye/JiuPc6GcQwQDlaVg2e8vz+4=
-109,269,mVNHqgzfUGnhGxbSvaYcd5+oS70=,Sye/JiuPc6GcQwQDlaVg2e8vz+4=
-107,269,mVNHqgzfUGnhGxbSvaYcd5+oS70=,Sye/JiuPc6GcQwQDlaVg2e8vz+4=
-108,260,mVNHqgzfUGnhGxbSvaYcd5+oS70=,Sye/JiuPc6GcQwQDlaVg2e8vz+4=
-110,269,mVNHqgzfUGnhGxbSvaYcd5+oS70=,Sye/JiuPc6GcQwQDlaVg2e8vz+4=
-107,260,mVNHqgzfUGnhGxbSvaYcd5+oS70=,Sye/JiuPc6GcQwQDlaVg2e8vz+4=
-111,259,mVNHqgzfUGnhGxbSvaYcd5+oS70=,Sye/JiuPc6GcQwQDlaVg2e8vz+4=
-97,257,mVNHqgzfUGnhGxbSvaYcd5+oS70=,Sye/JiuPc6GcQwQDlaVg2e8vz+4=
-110,257,mVNHqgzfUGnhGxbSvaYcd5+oS70=,Sye/JiuPc6GcQwQDlaVg2e8vz+4=
-107,270,mVNHqgzfUGnhGxbSvaYcd5+oS70=,Sye/JiuPc6GcQwQDlaVg2e8vz+4=
-106,260,mVNHqgzfUGnhGxbSvaYcd5+oS70=,Sye/JiuPc6GcQwQDlaVg2e8vz+4=
-112,269,mVNHqgzfUGnhGxbSvaYcd5+oS70=,Sye/JiuPc6GcQwQDlaVg2e8vz+4=
-97,268,mVNHqgzfUGnhGxbSvaYcd5+oS70=,Sye/JiuPc6GcQwQDlaVg2e8vz+4=
-111,269,mVNHqgzfUGnhGxbSvaYcd5+oS70=,Sye/JiuPc6GcQwQDlaVg2e8vz+4=
-98,268,mVNHqgzfUGnhGxbSvaYcd5+oS70=,Sye/JiuPc6GcQwQDlaVg2e8vz+4=
-112,259,mVNHqgzfUGnhGxbSvaYcd5+oS70=,Sye/JiuPc6GcQwQDlaVg2e8vz+4=
-105,260,mVNHqgzfUGnhGxbSvaYcd5+oS70=,Sye/JiuPc6GcQwQDlaVg2e8vz+4=
-99,268,mVNHqgzfUGnhGxbSvaYcd5+oS70=,Sye/JiuPc6GcQwQDlaVg2e8vz+4=
-101,268,mVNHqgzfUGnhGxbSvaYcd5+oS70=,Sye/JiuPc6GcQwQDlaVg2e8vz+4=
-100,268,mVNHqgzfUGnhGxbSvaYcd5+oS70=,Sye/JiuPc6GcQwQDlaVg2e8vz+4=
-102,268,mVNHqgzfUGnhGxbSvaYcd5+oS70=,Sye/JiuPc6GcQwQDlaVg2e8vz+4=
-105,258,mVNHqgzfUGnhGxbSvaYcd5+oS70=,Sye/JiuPc6GcQwQDlaVg2e8vz+4=
-103,268,mVNHqgzfUGnhGxbSvaYcd5+oS70=,Sye/JiuPc6GcQwQDlaVg2e8vz+4=
-104,268,mVNHqgzfUGnhGxbSvaYcd5+oS70=,Sye/JiuPc6GcQwQDlaVg2e8vz+4=
-105,268,mVNHqgzfUGnhGxbSvaYcd5+oS70=,Sye/JiuPc6GcQwQDlaVg2e8vz+4=
-107,268,mVNHqgzfUGnhGxbSvaYcd5+oS70=,Sye/JiuPc6GcQwQDlaVg2e8vz+4=
-108,268,mVNHqgzfUGnhGxbSvaYcd5+oS70=,Sye/JiuPc6GcQwQDlaVg2e8vz+4=
-106,269,mVNHqgzfUGnhGxbSvaYcd5+oS70=,Sye/JiuPc6GcQwQDlaVg2e8vz+4=
-112,257,mVNHqgzfUGnhGxbSvaYcd5+oS70=,Sye/JiuPc6GcQwQDlaVg2e8vz+4=
-110,268,mVNHqgzfUGnhGxbSvaYcd5+oS70=,Sye/JiuPc6GcQwQDlaVg2e8vz+4=
-98,257,mVNHqgzfUGnhGxbSvaYcd5+oS70=,Sye/JiuPc6GcQwQDlaVg2e8vz+4=
-111,268,mVNHqgzfUGnhGxbSvaYcd5+oS70=,Sye/JiuPc6GcQwQDlaVg2e8vz+4=
-111,257,mVNHqgzfUGnhGxbSvaYcd5+oS70=,Sye/JiuPc6GcQwQDlaVg2e8vz+4=
-112,268,mVNHqgzfUGnhGxbSvaYcd5+oS70=,Sye/JiuPc6GcQwQDlaVg2e8vz+4=
-99,267,mVNHqgzfUGnhGxbSvaYcd5+oS70=,Sye/JiuPc6GcQwQDlaVg2e8vz+4=
-100,267,mVNHqgzfUGnhGxbSvaYcd5+oS70=,Sye/JiuPc6GcQwQDlaVg2e8vz+4=
-101,267,mVNHqgzfUGnhGxbSvaYcd5+oS70=,Sye/JiuPc6GcQwQDlaVg2e8vz+4=
-97,258,mVNHqgzfUGnhGxbSvaYcd5+oS70=,Sye/JiuPc6GcQwQDlaVg2e8vz+4=
-98,267,mVNHqgzfUGnhGxbSvaYcd5+oS70=,Sye/JiuPc6GcQwQDlaVg2e8vz+4=
-104,257,mVNHqgzfUGnhGxbSvaYcd5+oS70=,Sye/JiuPc6GcQwQDlaVg2e8vz+4=
-102,267,mVNHqgzfUGnhGxbSvaYcd5+oS70=,Sye/JiuPc6GcQwQDlaVg2e8vz+4=
-104,267,mVNHqgzfUGnhGxbSvaYcd5+oS70=,Sye/JiuPc6GcQwQDlaVg2e8vz+4=
-103,267,mVNHqgzfUGnhGxbSvaYcd5+oS70=,Sye/JiuPc6GcQwQDlaVg2e8vz+4=
-106,267,mVNHqgzfUGnhGxbSvaYcd5+oS70=,Sye/JiuPc6GcQwQDlaVg2e8vz+4=
-105,267,mVNHqgzfUGnhGxbSvaYcd5+oS70=,Sye/JiuPc6GcQwQDlaVg2e8vz+4=
-105,256,mVNHqgzfUGnhGxbSvaYcd5+oS70=,Sye/JiuPc6GcQwQDlaVg2e8vz+4=
-107,267,mVNHqgzfUGnhGxbSvaYcd5+oS70=,Sye/JiuPc6GcQwQDlaVg2e8vz+4=
-108,267,mVNHqgzfUGnhGxbSvaYcd5+oS70=,Sye/JiuPc6GcQwQDlaVg2e8vz+4=
-104,260,mVNHqgzfUGnhGxbSvaYcd5+oS70=,Sye/JiuPc6GcQwQDlaVg2e8vz+4=
-110,267,mVNHqgzfUGnhGxbSvaYcd5+oS70=,Sye/JiuPc6GcQwQDlaVg2e8vz+4=
-109,267,mVNHqgzfUGnhGxbSvaYcd5+oS70=,Sye/JiuPc6GcQwQDlaVg2e8vz+4=
-103,260,mVNHqgzfUGnhGxbSvaYcd5+oS70=,Sye/JiuPc6GcQwQDlaVg2e8vz+4=
-106,268,mVNHqgzfUGnhGxbSvaYcd5+oS70=,Sye/JiuPc6GcQwQDlaVg2e8vz+4=
-102,260,mVNHqgzfUGnhGxbSvaYcd5+oS70=,Sye/JiuPc6GcQwQDlaVg2e8vz+4=
-112,267,mVNHqgzfUGnhGxbSvaYcd5+oS70=,Sye/JiuPc6GcQwQDlaVg2e8vz+4=
-98,266,mVNHqgzfUGnhGxbSvaYcd5+oS70=,Sye/JiuPc6GcQwQDlaVg2e8vz+4=
-99,266,mVNHqgzfUGnhGxbSvaYcd5+oS70=,Sye/JiuPc6GcQwQDlaVg2e8vz+4=
-100,266,mVNHqgzfUGnhGxbSvaYcd5+oS70=,Sye/JiuPc6GcQwQDlaVg2e8vz+4=
-97,266,mVNHqgzfUGnhGxbSvaYcd5+oS70=,Sye/JiuPc6GcQwQDlaVg2e8vz+4=
-103,257,mVNHqgzfUGnhGxbSvaYcd5+oS70=,Sye/JiuPc6GcQwQDlaVg2e8vz+4=
-101,266,mVNHqgzfUGnhGxbSvaYcd5+oS70=,Sye/JiuPc6GcQwQDlaVg2e8vz+4=
-98,258,mVNHqgzfUGnhGxbSvaYcd5+oS70=,Sye/JiuPc6GcQwQDlaVg2e8vz+4=
-97,256,mVNHqgzfUGnhGxbSvaYcd5+oS70=,Sye/JiuPc6GcQwQDlaVg2e8vz+4=
-102,266,mVNHqgzfUGnhGxbSvaYcd5+oS70=,Sye/JiuPc6GcQwQDlaVg2e8vz+4=
-103,266,mVNHqgzfUGnhGxbSvaYcd5+oS70=,Sye/JiuPc6GcQwQDlaVg2e8vz+4=
-101,260,mVNHqgzfUGnhGxbSvaYcd5+oS70=,Sye/JiuPc6GcQwQDlaVg2e8vz+4=
-109,268,mVNHqgzfUGnhGxbSvaYcd5+oS70=,Sye/JiuPc6GcQwQDlaVg2e8vz+4=
-97,267,mVNHqgzfUGnhGxbSvaYcd5+oS70=,Sye/JiuPc6GcQwQDlaVg2e8vz+4=
-104,266,mVNHqgzfUGnhGxbSvaYcd5+oS70=,Sye/JiuPc6GcQwQDlaVg2e8vz+4=
-108,266,mVNHqgzfUGnhGxbSvaYcd5+oS70=,Sye/JiuPc6GcQwQDlaVg2e8vz+4=
-107,266,mVNHqgzfUGnhGxbSvaYcd5+oS70=,Sye/JiuPc6GcQwQDlaVg2e8vz+4=
-111,267,mVNHqgzfUGnhGxbSvaYcd5+oS70=,Sye/JiuPc6GcQwQDlaVg2e8vz+4=
-106,266,mVNHqgzfUGnhGxbSvaYcd5+oS70=,Sye/JiuPc6GcQwQDlaVg2e8vz+4=
-110,266,mVNHqgzfUGnhGxbSvaYcd5+oS70=,Sye/JiuPc6GcQwQDlaVg2e8vz+4=
-111,266,mVNHqgzfUGnhGxbSvaYcd5+oS70=,Sye/JiuPc6GcQwQDlaVg2e8vz+4=
-109,266,mVNHqgzfUGnhGxbSvaYcd5+oS70=,Sye/JiuPc6GcQwQDlaVg2e8vz+4=
-99,265,mVNHqgzfUGnhGxbSvaYcd5+oS70=,Sye/JiuPc6GcQwQDlaVg2e8vz+4=
-100,265,mVNHqgzfUGnhGxbSvaYcd5+oS70=,Sye/JiuPc6GcQwQDlaVg2e8vz+4=
-112,266,mVNHqgzfUGnhGxbSvaYcd5+oS70=,Sye/JiuPc6GcQwQDlaVg2e8vz+4=
-98,265,mVNHqgzfUGnhGxbSvaYcd5+oS70=,Sye/JiuPc6GcQwQDlaVg2e8vz+4=
-97,265,mVNHqgzfUGnhGxbSvaYcd5+oS70=,Sye/JiuPc6GcQwQDlaVg2e8vz+4=
-99,258,mVNHqgzfUGnhGxbSvaYcd5+oS70=,Sye/JiuPc6GcQwQDlaVg2e8vz+4=
-103,265,mVNHqgzfUGnhGxbSvaYcd5+oS70=,Sye/JiuPc6GcQwQDlaVg2e8vz+4=
-102,265,mVNHqgzfUGnhGxbSvaYcd5+oS70=,Sye/JiuPc6GcQwQDlaVg2e8vz+4=
-105,265,mVNHqgzfUGnhGxbSvaYcd5+oS70=,Sye/JiuPc6GcQwQDlaVg2e8vz+4=
-101,265,mVNHqgzfUGnhGxbSvaYcd5+oS70=,Sye/JiuPc6GcQwQDlaVg2e8vz+4=
-98,256,mVNHqgzfUGnhGxbSvaYcd5+oS70=,Sye/JiuPc6GcQwQDlaVg2e8vz+4=
-106,265,mVNHqgzfUGnhGxbSvaYcd5+oS70=,Sye/JiuPc6GcQwQDlaVg2e8vz+4=
-104,265,mVNHqgzfUGnhGxbSvaYcd5+oS70=,Sye/JiuPc6GcQwQDlaVg2e8vz+4=
-108,265,mVNHqgzfUGnhGxbSvaYcd5+oS70=,Sye/JiuPc6GcQwQDlaVg2e8vz+4=
-109,265,mVNHqgzfUGnhGxbSvaYcd5+oS70=,Sye/JiuPc6GcQwQDlaVg2e8vz+4=
-110,265,mVNHqgzfUGnhGxbSvaYcd5+oS70=,Sye/JiuPc6GcQwQDlaVg2e8vz+4=
-111,265,mVNHqgzfUGnhGxbSvaYcd5+oS70=,Sye/JiuPc6GcQwQDlaVg2e8vz+4=
-112,265,mVNHqgzfUGnhGxbSvaYcd5+oS70=,Sye/JiuPc6GcQwQDlaVg2e8vz+4=
-99,264,mVNHqgzfUGnhGxbSvaYcd5+oS70=,Sye/JiuPc6GcQwQDlaVg2e8vz+4=
-98,264,mVNHqgzfUGnhGxbSvaYcd5+oS70=,Sye/JiuPc6GcQwQDlaVg2e8vz+4=
-97,264,mVNHqgzfUGnhGxbSvaYcd5+oS70=,Sye/JiuPc6GcQwQDlaVg2e8vz+4=
-100,264,mVNHqgzfUGnhGxbSvaYcd5+oS70=,Sye/JiuPc6GcQwQDlaVg2e8vz+4=
-101,264,mVNHqgzfUGnhGxbSvaYcd5+oS70=,Sye/JiuPc6GcQwQDlaVg2e8vz+4=
-102,264,mVNHqgzfUGnhGxbSvaYcd5+oS70=,Sye/JiuPc6GcQwQDlaVg2e8vz+4=
-105,266,mVNHqgzfUGnhGxbSvaYcd5+oS70=,Sye/JiuPc6GcQwQDlaVg2e8vz+4=
-100,260,mVNHqgzfUGnhGxbSvaYcd5+oS70=,Sye/JiuPc6GcQwQDlaVg2e8vz+4=
-103,264,mVNHqgzfUGnhGxbSvaYcd5+oS70=,Sye/JiuPc6GcQwQDlaVg2e8vz+4=
-99,260,mVNHqgzfUGnhGxbSvaYcd5+oS70=,Sye/JiuPc6GcQwQDlaVg2e8vz+4=
-104,264,mVNHqgzfUGnhGxbSvaYcd5+oS70=,Sye/JiuPc6GcQwQDlaVg2e8vz+4=
-105,264,mVNHqgzfUGnhGxbSvaYcd5+oS70=,Sye/JiuPc6GcQwQDlaVg2e8vz+4=
-102,257,mVNHqgzfUGnhGxbSvaYcd5+oS70=,Sye/JiuPc6GcQwQDlaVg2e8vz+4=
-107,265,mVNHqgzfUGnhGxbSvaYcd5+oS70=,Sye/JiuPc6GcQwQDlaVg2e8vz+4=
-99,256,mVNHqgzfUGnhGxbSvaYcd5+oS70=,Sye/JiuPc6GcQwQDlaVg2e8vz+4=
-106,264,mVNHqgzfUGnhGxbSvaYcd5+oS70=,Sye/JiuPc6GcQwQDlaVg2e8vz+4=
-108,264,mVNHqgzfUGnhGxbSvaYcd5+oS70=,Sye/JiuPc6GcQwQDlaVg2e8vz+4=
-98,260,mVNHqgzfUGnhGxbSvaYcd5+oS70=,Sye/JiuPc6GcQwQDlaVg2e8vz+4=
-110,256,mVNHqgzfUGnhGxbSvaYcd5+oS70=,Sye/JiuPc6GcQwQDlaVg2e8vz+4=
-107,264,mVNHqgzfUGnhGxbSvaYcd5+oS70=,Sye/JiuPc6GcQwQDlaVg2e8vz+4=
-101,258,mVNHqgzfUGnhGxbSvaYcd5+oS70=,Sye/JiuPc6GcQwQDlaVg2e8vz+4=
-109,264,mVNHqgzfUGnhGxbSvaYcd5+oS70=,Sye/JiuPc6GcQwQDlaVg2e8vz+4=
-110,264,mVNHqgzfUGnhGxbSvaYcd5+oS70=,Sye/JiuPc6GcQwQDlaVg2e8vz+4=
-99,257,mVNHqgzfUGnhGxbSvaYcd5+oS70=,Sye/JiuPc6GcQwQDlaVg2e8vz+4=
-111,264,mVNHqgzfUGnhGxbSvaYcd5+oS70=,Sye/JiuPc6GcQwQDlaVg2e8vz+4=
-112,264,mVNHqgzfUGnhGxbSvaYcd5+oS70=,Sye/JiuPc6GcQwQDlaVg2e8vz+4=
-97,263,mVNHqgzfUGnhGxbSvaYcd5+oS70=,Sye/JiuPc6GcQwQDlaVg2e8vz+4=
-100,263,mVNHqgzfUGnhGxbSvaYcd5+oS70=,Sye/JiuPc6GcQwQDlaVg2e8vz+4=
-100,256,mVNHqgzfUGnhGxbSvaYcd5+oS70=,Sye/JiuPc6GcQwQDlaVg2e8vz+4=
-99,263,mVNHqgzfUGnhGxbSvaYcd5+oS70=,Sye/JiuPc6GcQwQDlaVg2e8vz+4=
-100,258,mVNHqgzfUGnhGxbSvaYcd5+oS70=,Sye/JiuPc6GcQwQDlaVg2e8vz+4=
-101,263,mVNHqgzfUGnhGxbSvaYcd5+oS70=,Sye/JiuPc6GcQwQDlaVg2e8vz+4=
-103,263,mVNHqgzfUGnhGxbSvaYcd5+oS70=,Sye/JiuPc6GcQwQDlaVg2e8vz+4=
-104,263,mVNHqgzfUGnhGxbSvaYcd5+oS70=,Sye/JiuPc6GcQwQDlaVg2e8vz+4=
-101,256,mVNHqgzfUGnhGxbSvaYcd5+oS70=,Sye/JiuPc6GcQwQDlaVg2e8vz+4=
-102,263,mVNHqgzfUGnhGxbSvaYcd5+oS70=,Sye/JiuPc6GcQwQDlaVg2e8vz+4=
-105,263,mVNHqgzfUGnhGxbSvaYcd5+oS70=,Sye/JiuPc6GcQwQDlaVg2e8vz+4=
-107,263,mVNHqgzfUGnhGxbSvaYcd5+oS70=,Sye/JiuPc6GcQwQDlaVg2e8vz+4=
-106,263,mVNHqgzfUGnhGxbSvaYcd5+oS70=,Sye/JiuPc6GcQwQDlaVg2e8vz+4=
-102,258,mVNHqgzfUGnhGxbSvaYcd5+oS70=,Sye/JiuPc6GcQwQDlaVg2e8vz+4=
-100,257,mVNHqgzfUGnhGxbSvaYcd5+oS70=,Sye/JiuPc6GcQwQDlaVg2e8vz+4=
-101,257,mVNHqgzfUGnhGxbSvaYcd5+oS70=,Sye/JiuPc6GcQwQDlaVg2e8vz+4=
-109,263,mVNHqgzfUGnhGxbSvaYcd5+oS70=,Sye/JiuPc6GcQwQDlaVg2e8vz+4=
-112,263,mVNHqgzfUGnhGxbSvaYcd5+oS70=,Sye/JiuPc6GcQwQDlaVg2e8vz+4=
-97,262,mVNHqgzfUGnhGxbSvaYcd5+oS70=,Sye/JiuPc6GcQwQDlaVg2e8vz+4=
-97,260,mVNHqgzfUGnhGxbSvaYcd5+oS70=,Sye/JiuPc6GcQwQDlaVg2e8vz+4=
-111,263,mVNHqgzfUGnhGxbSvaYcd5+oS70=,Sye/JiuPc6GcQwQDlaVg2e8vz+4=
-112,261,mVNHqgzfUGnhGxbSvaYcd5+oS70=,Sye/JiuPc6GcQwQDlaVg2e8vz+4=
-98,262,mVNHqgzfUGnhGxbSvaYcd5+oS70=,Sye/JiuPc6GcQwQDlaVg2e8vz+4=
-111,261,mVNHqgzfUGnhGxbSvaYcd5+oS70=,Sye/JiuPc6GcQwQDlaVg2e8vz+4=
-100,262,mVNHqgzfUGnhGxbSvaYcd5+oS70=,Sye/JiuPc6GcQwQDlaVg2e8vz+4=
-110,261,mVNHqgzfUGnhGxbSvaYcd5+oS70=,Sye/JiuPc6GcQwQDlaVg2e8vz+4=
-99,262,mVNHqgzfUGnhGxbSvaYcd5+oS70=,Sye/JiuPc6GcQwQDlaVg2e8vz+4=
-109,261,mVNHqgzfUGnhGxbSvaYcd5+oS70=,Sye/JiuPc6GcQwQDlaVg2e8vz+4=
-108,261,mVNHqgzfUGnhGxbSvaYcd5+oS70=,Sye/JiuPc6GcQwQDlaVg2e8vz+4=
-102,262,mVNHqgzfUGnhGxbSvaYcd5+oS70=,Sye/JiuPc6GcQwQDlaVg2e8vz+4=
-108,263,mVNHqgzfUGnhGxbSvaYcd5+oS70=,Sye/JiuPc6GcQwQDlaVg2e8vz+4=
-98,263,mVNHqgzfUGnhGxbSvaYcd5+oS70=,Sye/JiuPc6GcQwQDlaVg2e8vz+4=
-110,263,mVNHqgzfUGnhGxbSvaYcd5+oS70=,Sye/JiuPc6GcQwQDlaVg2e8vz+4=
-107,261,mVNHqgzfUGnhGxbSvaYcd5+oS70=,Sye/JiuPc6GcQwQDlaVg2e8vz+4=
-104,262,mVNHqgzfUGnhGxbSvaYcd5+oS70=,Sye/JiuPc6GcQwQDlaVg2e8vz+4=
-104,258,mVNHqgzfUGnhGxbSvaYcd5+oS70=,Sye/JiuPc6GcQwQDlaVg2e8vz+4=
-104,256,mVNHqgzfUGnhGxbSvaYcd5+oS70=,Sye/JiuPc6GcQwQDlaVg2e8vz+4=
-105,262,mVNHqgzfUGnhGxbSvaYcd5+oS70=,Sye/JiuPc6GcQwQDlaVg2e8vz+4=
-103,262,mVNHqgzfUGnhGxbSvaYcd5+oS70=,Sye/JiuPc6GcQwQDlaVg2e8vz+4=
-106,262,mVNHqgzfUGnhGxbSvaYcd5+oS70=,Sye/JiuPc6GcQwQDlaVg2e8vz+4=
-102,256,mVNHqgzfUGnhGxbSvaYcd5+oS70=,Sye/JiuPc6GcQwQDlaVg2e8vz+4=
-107,262,mVNHqgzfUGnhGxbSvaYcd5+oS70=,Sye/JiuPc6GcQwQDlaVg2e8vz+4=
-101,262,mVNHqgzfUGnhGxbSvaYcd5+oS70=,Sye/JiuPc6GcQwQDlaVg2e8vz+4=
-109,262,mVNHqgzfUGnhGxbSvaYcd5+oS70=,Sye/JiuPc6GcQwQDlaVg2e8vz+4=
-103,258,mVNHqgzfUGnhGxbSvaYcd5+oS70=,Sye/JiuPc6GcQwQDlaVg2e8vz+4=
-111,262,mVNHqgzfUGnhGxbSvaYcd5+oS70=,Sye/JiuPc6GcQwQDlaVg2e8vz+4=
-108,262,mVNHqgzfUGnhGxbSvaYcd5+oS70=,Sye/JiuPc6GcQwQDlaVg2e8vz+4=
-97,261,mVNHqgzfUGnhGxbSvaYcd5+oS70=,Sye/JiuPc6GcQwQDlaVg2e8vz+4=
-110,262,mVNHqgzfUGnhGxbSvaYcd5+oS70=,Sye/JiuPc6GcQwQDlaVg2e8vz+4=
-112,262,mVNHqgzfUGnhGxbSvaYcd5+oS70=,Sye/JiuPc6GcQwQDlaVg2e8vz+4=
-99,261,mVNHqgzfUGnhGxbSvaYcd5+oS70=,Sye/JiuPc6GcQwQDlaVg2e8vz+4=
-101,261,mVNHqgzfUGnhGxbSvaYcd5+oS70=,Sye/JiuPc6GcQwQDlaVg2e8vz+4=
-102,261,mVNHqgzfUGnhGxbSvaYcd5+oS70=,Sye/JiuPc6GcQwQDlaVg2e8vz+4=
-100,261,mVNHqgzfUGnhGxbSvaYcd5+oS70=,Sye/JiuPc6GcQwQDlaVg2e8vz+4=
-103,261,mVNHqgzfUGnhGxbSvaYcd5+oS70=,Sye/JiuPc6GcQwQDlaVg2e8vz+4=
-104,261,mVNHqgzfUGnhGxbSvaYcd5+oS70=,Sye/JiuPc6GcQwQDlaVg2e8vz+4=
-105,261,mVNHqgzfUGnhGxbSvaYcd5+oS70=,Sye/JiuPc6GcQwQDlaVg2e8vz+4=
-98,261,mVNHqgzfUGnhGxbSvaYcd5+oS70=,Sye/JiuPc6GcQwQDlaVg2e8vz+4=
-106,261,mVNHqgzfUGnhGxbSvaYcd5+oS70=,Sye/JiuPc6GcQwQDlaVg2e8vz+4=
-103,256,mVNHqgzfUGnhGxbSvaYcd5+oS70=,Sye/JiuPc6GcQwQDlaVg2e8vz+4=
