-6,18,05StGjRTcgwdFC9/DBalqvNJy1I=,JEKTx8sMIigpM+DIOkZ7RzrISs8=
-6,19,ZLaqBYwcpZHwYLZmya0aapCtfpg=,QZVIh791MkeRFQtf5nwmNEn4V1s=
-6,16,ZLaqBYwcpZHwYLZmya0aapCtfpg=,ygDZCx4fPynqf3wRp036HJY/XuU=
-6,17,6s4zj3l9EIjGjDX8fTm2ONQ3pEo=,YnmrxLW1uaqAomHAAlrwxIe3Fvo=
-6,22,6s4zj3l9EIjGjDX8fTm2ONQ3pEo=,HIFRC4hY6i85HLC0hwOEdD9m6OI=
-6,20,MA2OnVyckeonV5jymlsyDjbQoGU=,ltj53We/yHTkmE5rWt2ysIP0j9o=
-6,21,MA2OnVyckeonV5jymlsyDjbQoGU=,TPWpK39IRiHHGLa8S6YQ5jLmvv0=
-6,10,he+uiukubV+d3gmlrLzHyEjuOUE=,nuuSqNXSZru32d3pYYaRqrPlyuE=
-6,11,he+uiukubV+d3gmlrLzHyEjuOUE=,IykuTGgfxYhxYxo/CA3ifbSYp1A=
-6,8,HjBtiJh1Uko1Mkr9vmzaxN3b02w=,rU5Euqf/ZleN8OVkH8OnpDbOceM=
-6,9,6uwLC7t2feiDoeuGrNYs+VpDHgQ=,5sZanePUsTlcSGsc7KltOv/BK/A=
-6,14,6uwLC7t2feiDoeuGrNYs+VpDHgQ=,gyNQSHMRfnvqzTPPiWRbiy6UAnA=
-6,15,+21IBVaVXXyAcxqS4DGXgWF0m9c=,Xx9rLRND7/wLlRSVSp6Gcs44W94=
-6,12,+21IBVaVXXyAcxqS4DGXgWF0m9c=,s2b+HSGtFDvc+Y9r5hI2nEP0h74=
-6,13,XRsXo03olBXVcBqNcYtaM7lMuPw=,+k7cK6HBGEnwOtMm27dAdBX1WQY=
-5,19,XRsXo03olBXVcBqNcYtaM7lMuPw=,Dyva3Pg2KtDt0QI44TyIkFCFFyM=
-5,18,wG9SrCW4t8YYl43OG1LtqovumX0=,9vCcLWkrNUmzSToQQMxfnZf1SmY=
-5,17,Is/tFcJ5fFzqvproy4fBuj+8I8E=,96L0EcpMx6KWqQjWPYmzyQYWPDk=
-5,16,Is/tFcJ5fFzqvproy4fBuj+8I8E=,kIhIRmlLnGskx+n9uK/HidPFb/U=
-5,22,UDEE3m+c7EV0Smot6G4G+IB1JYQ=,Z+q9RDoIrMCAkpodVo1r1T1fizw=
-5,21,HX1rLEQf+CQsXQJSyCbOgpGOvJ0=,4fK9HoTpCGh2KXgeipoFh+E9nbM=
-5,20,y/zmATozXK9ktH2WoG3J4Dkir90=,WmqDPFMbrE0s8MQJmqvYtWwL/os=
-5,11,y/zmATozXK9ktH2WoG3J4Dkir90=,kFAJxy14/Xsvw78g8BDW/cbZKb0=
-5,10,+kN4lAAVNWERU9QZZAG4IpRymis=,kVrBWV9GCnA3B8QMyrSdH+NhXJc=
-5,9,+kN4lAAVNWERU9QZZAG4IpRymis=,zlD+OPW0fy2/YZziat9nXBTZLSI=
-5,8,DqfLBb6aEzkP0T4S9LsdtyeJEwc=,OGr+lnE8CR/KFhAnqr7lMKZX/LQ=
-5,15,Hbnje+lXXwlx2CjPuLNLy/2uBL4=,t2xUp29+VG32hufxzgjh6qSTsEQ=
-5,14,Hbnje+lXXwlx2CjPuLNLy/2uBL4=,LtJeGw6chugQkTnONUY91yVAV+k=
-5,13,B7c/5pMEYaI/QtZPQlzXrEHN99o=,gAbDK57eZfT7Gi8AL8BhculU7tE=
-5,12,B7c/5pMEYaI/QtZPQlzXrEHN99o=,ns4/RLHl9+iw6NA/MllGg3c8ap8=
-4,20,Is/tFcJ5fFzqvproy4fBuj+8I8E=,wzCaT1ee7NaanYCgjg+4C9JWMhU=
-4,21,Is/tFcJ5fFzqvproy4fBuj+8I8E=,nwsuBhx/gyX811r8I4gQi1rA8Hw=
-4,22,iPHxKL3cl71sD9yTFjYcHT9U650=,Kf/KSjYT/63wIT2nXFqwoLhfLxk=
-4,16,iPHxKL3cl71sD9yTFjYcHT9U650=,VDMKMsUxAv93IBaeUdwlEFCagzs=
-4,17,iPHxKL3cl71sD9yTFjYcHT9U650=,bcVSk1ThH6zi3LZ9B8JJZsvNm/I=
-4,18,iPHxKL3cl71sD9yTFjYcHT9U650=,NzrnZoIJ4mb21iZQRs5Ly0KhLmw=
-4,19,7WAHQoaA8XeROgZEqSRtyhkLHTI=,w6vhV7Ap60TQ+q5I6CaIGa60UFo=
-4,12,7WAHQoaA8XeROgZEqSRtyhkLHTI=,s8n/VQMXyCmkgAhCX+L3VOpmWWQ=
-4,13,7WAHQoaA8XeROgZEqSRtyhkLHTI=,uLr/l+HaWIoS1YE3diYcEOBz3l0=
-4,14,7WAHQoaA8XeROgZEqSRtyhkLHTI=,ZUFRUez/esf49jPAheB9UipLKe4=
-4,15,OWc/DVIF3UccXDOZ/kKuhSErdAE=,x+ndJWtUuBPN7V5SxY7HwGof9nM=
-4,8,/MkIckbERNtQGEkKGBZPjbbLTrE=,7pU3RU+vNZpRGBU8GYQwdhHB33U=
-4,9,V8e4lxjlWf/bWPZZBeAGcsQtkg4=,utXeFE3NGrpt/WXodrJrPQXfkWo=
-4,10,zIAk26gYv9zwLxaE737HdXOJP+A=,ykqHMT6zxG/hBAWkrD1Hd7u+rqI=
-4,11,/MkIckbERNtQGEkKGBZPjbbLTrE=,rEMZInD8XON078jA4Cl/O52RPc0=
-3,21,OWc/DVIF3UccXDOZ/kKuhSErdAE=,ds1ineR3nxuNoGk0DeHEmelhaks=
-3,20,OWc/DVIF3UccXDOZ/kKuhSErdAE=,DnlfPY5N6DUmyeSzTqz/GpZZ2Vs=
-3,22,OWc/DVIF3UccXDOZ/kKuhSErdAE=,YD2MAAfh7FnLnmTR/zlJXRQVyZo=
-3,17,OWc/DVIF3UccXDOZ/kKuhSErdAE=,x+49WOv0TYgwW8Xbj2N0odjV0r4=
-3,16,joEQHXy/EQ2K1HNNpYyATyGeswE=,OK+r3YLL5JOCN3TJnl+c8KM3Fvo=
-3,19,OWc/DVIF3UccXDOZ/kKuhSErdAE=,ZbUzAdXI9un6Gmvp2p86kLThQAw=
-3,18,joEQHXy/EQ2K1HNNpYyATyGeswE=,oA8gSGMJtRgW0MN5uGBp98TiEts=
-3,13,r7FeBtkiJOtwBdt3/i+VAA0NzfQ=,anwLLtMnDxY/JwjojUChXeMT32c=
-3,12,EHkWW12BsPca1E3HCRYtYT3MIuA=,9PDhweuGAsAWkxJEt0rHKh2xsmg=
-3,15,joEQHXy/EQ2K1HNNpYyATyGeswE=,DCsgHZApKaoTglBWNPSxNPcW7YI=
-3,14,L4yGiV7WM/RdM+tSYRl51OSAKi0=,Y1/mc4ot6P3Vrn0bMg9swPiHcvY=
-3,9,JHfLpjWvvTpCphkLjntRnOqQJg8=,eG5Vc103+7ESftKxG13atLc2WYc=
-3,8,ld3xM2P57/NGLY8N5G6CSJp3njI=,TUyJa4YhnJFEuVhlOiMX3BVOqxU=
-3,11,JHfLpjWvvTpCphkLjntRnOqQJg8=,zYXvacv2fZ+lRqhVKXlR0MSn8AM=
-3,10,ld3xM2P57/NGLY8N5G6CSJp3njI=,laIBXcVo704FRvF/DbFeCEYV0IU=
-2,22,joEQHXy/EQ2K1HNNpYyATyGeswE=,9RkOXrsxM/JAve0s1dz+sm+1pKU=
-2,20,joEQHXy/EQ2K1HNNpYyATyGeswE=,8s063nnqVwLEmzDvExW1Q1X4q4o=
-2,21,joEQHXy/EQ2K1HNNpYyATyGeswE=,lWLeZzA++sdHMv9e5uANmg33Cyc=
-2,18,+iooxjz7Qo1heMObrsjtmGInd4I=,W3w40NtX2+0Fn2R15fwUWAftsks=
-2,19,+iooxjz7Qo1heMObrsjtmGInd4I=,UMr60xW1OKSAsXQyPZrWbY/aG/M=
-2,16,7JYTOnnXQ4hAlqvAyA6pxJDsBV8=,PLp422EG7LWPZS4nDkV9UxLe7UY=
-2,17,+iooxjz7Qo1heMObrsjtmGInd4I=,0KAaz+pilWID4o4Nq3wL7inFysc=
-2,14,r+j8ris4D39nC34PdmCwUZ64Ezw=,DAq4xPOYQsvJtwDlkhrAIKjzLDs=
-2,15,7JYTOnnXQ4hAlqvAyA6pxJDsBV8=,8gfnQKYcvhYuMcaFzUQP6RCum6U=
-2,12,P8vF5TfTW/Rntl4LAZws2A4iG1c=,BxAULelr1qZw/ahmREHB7tGiGe4=
-2,13,P8vF5TfTW/Rntl4LAZws2A4iG1c=,HRG9aYZzejFYpJuHm1bXbvj5Bf0=
-2,10,3Yh94lKFn7KSHoXG6LTRdcQKW8E=,ZUzM29qbU7/Wi7gvltGP3AyDP2Q=
-2,11,ZkXjVe0K1x03AQWoSSiiXRxtRsw=,F2GHAeIg1EYbsvpp6r/hHSeOYzI=
-2,8,3Yh94lKFn7KSHoXG6LTRdcQKW8E=,cy0zuzSZCtiQ5q8TR2RWQnShqi8=
-2,9,Yu7usSsvXSljpt318lr/F6tGoQY=,WKmlL9joZwfdPIrx69PPVD/uAUE=
-1,22,+iooxjz7Qo1heMObrsjtmGInd4I=,ugLKKooX0Cjv96DVxo2I1H/7t2Y=
-1,21,oHW7ohUzv2SKnFq+LGxPFDxB8Vo=,jylZPQvDu0q2GhFTPt+DCp3q+Lo=
-1,20,oHW7ohUzv2SKnFq+LGxPFDxB8Vo=,Nr2jsqnsl8Csb7BAOdY7003IcJo=
-1,19,oHW7ohUzv2SKnFq+LGxPFDxB8Vo=,sXR9OR0MT/jX9vwtNnrUuRkzr+k=
-1,18,oHW7ohUzv2SKnFq+LGxPFDxB8Vo=,Mx/dZDNicqX99ZQA9WgPuVv3a1o=
-1,17,SLzJJWJtQoFCg3kg5L2Ntvqs3E4=,fVpX9H6GMgoKuFDrnW18y26GfDQ=
-1,16,SLzJJWJtQoFCg3kg5L2Ntvqs3E4=,e8qNllMEockLtI9lurUOJMMv32k=
-1,15,hy/emCO1xp4QItkt3F2ppYkwLCI=,zDhHc4I8sfvj9YN2GW+AcHNblik=
-1,14,SLzJJWJtQoFCg3kg5L2Ntvqs3E4=,jCm4cXB4VVbkhrAg+xOpqqzuaFw=
-1,13,9LBCZvguNd/HvmXf6YnrULl/sgc=,hR6NqiRADdDizEGkOy/kIcw5Geo=
-1,12,SLzJJWJtQoFCg3kg5L2Ntvqs3E4=,NQ8Iju9ouu4U3CmE6QsYxwmz51c=
-1,11,ulA/Ws3Hitg/hjej8IPGhWCI3tA=,xC6+ZjaT3+YTtPdbElYftImHVxQ=
-1,10,ulA/Ws3Hitg/hjej8IPGhWCI3tA=,Q+AKPfliUzyi2mj7oR/CiMzomgU=
-1,9,Qy5jfrds6hH34Ngtm+rAA5UBdBc=,9nwuLbKmHRZnpOxhGV1EWHQszMA=
-1,8,ulA/Ws3Hitg/hjej8IPGhWCI3tA=,jzRBN6jIhSCwHBfqN/+ob40+c1E=
-7,17,b9+ErGsE8IleY5+q2VKQt2QZENI=,sGGW34Ynlk0o5xTSZC7kdsqFrX8=
-7,16,b9+ErGsE8IleY5+q2VKQt2QZENI=,n9Fm+okEgVipW1N9LXZla0GOYuw=
-7,19,b9+ErGsE8IleY5+q2VKQt2QZENI=,vSvdrncQ0ebl/X/g81qTMJhBjmE=
-7,18,b9+ErGsE8IleY5+q2VKQt2QZENI=,zHthGR1qUFcfI96NJDsW6OdojJo=
-7,21,cjEdASo/d4uojXhzQjlXV5Z8oZ4=,F5EGY82NpwG+07CWZutCmfAKWgM=
-7,20,cjEdASo/d4uojXhzQjlXV5Z8oZ4=,T+aqCPbX4im8KQg2PMAVbKgB9sY=
-7,22,cjEdASo/d4uojXhzQjlXV5Z8oZ4=,biSo+88Nim0CjX3eC33deegnkfc=
-7,9,uaioJD+tp5aabprE7gA5PVtfRZw=,zufIO8LXEN56oc55m0Oh//qGtXI=
-7,8,uaioJD+tp5aabprE7gA5PVtfRZw=,8rM9A3OJXrzZ16DMVJXsRb9b1pY=
-7,11,uaioJD+tp5aabprE7gA5PVtfRZw=,WedhPfu1yF7NLaxrzLekAkwEU78=
-7,10,hmuYG5YKIvUQozxsZ1vCoRLcAok=,6gmETdduERvUDmbsnrZj6IGMXts=
-7,13,ZuycO27DCWpX1hXUy2CeEI6u2Do=,wlqVsXAbrQJoKw8rHYcocskhNqQ=
-7,12,ZuycO27DCWpX1hXUy2CeEI6u2Do=,hbymoQm4Y6+aMaZ7G7JShvvlLCE=
-7,15,ZuycO27DCWpX1hXUy2CeEI6u2Do=,81fKXnPXWIla/KcvP0I0KWsuWGs=
-7,14,ZuycO27DCWpX1hXUy2CeEI6u2Do=,ThCw3jsI7cA1KJL8FZf5hPIVfEk=
-7,23,cjEdASo/d4uojXhzQjlXV5Z8oZ4=,G7JLzVlGSa+ykCJHRQWqyhHO1Uk=
-6,23,HjBtiJh1Uko1Mkr9vmzaxN3b02w=,FJrjd0VN0btwFIkN8FY0k+GQ4WI=
-5,23,HjBtiJh1Uko1Mkr9vmzaxN3b02w=,xy2YMPMg6p9z5ulOdV2B/WYfS3Y=
-4,23,DqfLBb6aEzkP0T4S9LsdtyeJEwc=,ifd+N+zzfPdYni0oNCpb8sAHFOk=
-3,23,zIAk26gYv9zwLxaE737HdXOJP+A=,J9eDrrn8G0yGsotO7ok+VKb3+Lo=
-2,23,ld3xM2P57/NGLY8N5G6CSJp3njI=,uTSoh8OjD0X0i1FwSBYgLhp5jGk=
-1,23,sdc9SgM58DQdNDorfAG+9Wbx2ks=,ENfOP6JK2jvoPivCcNlajjCqJaQ=
-8,16,lgmqQ9Q/JmNCSSmEPN6Xzlq+Jfo=,EezmjwyH7KtbpzxBjYN68rjSydA=
-8,19,mEfBOMYVJhX/S11CSTyd35pPg+M=,xdcsBxXBcDgABkPY7tkpQ0UhZ7Q=
-8,18,mEfBOMYVJhX/S11CSTyd35pPg+M=,9CYTaMeyAY4kv73ZGHto+w3Ri7Y=
-8,17,mEfBOMYVJhX/S11CSTyd35pPg+M=,66HnvTa3AcJk8ao2VJI5gEvdq6g=
-8,20,mEfBOMYVJhX/S11CSTyd35pPg+M=,ykOMY622meQu32KGVu2ZBeqmCz0=
-8,21,mEfBOMYVJhX/S11CSTyd35pPg+M=,cvm5YzFGhC4fftbb2VR998Tfj8E=
-8,22,6+kQ8MIMkHQN9xKwp1JWQBmGy+w=,VODZiJLa1X2qWWe9NOKXS57pe4I=
-8,8,b897PPeip0SaMt22HTf9Bl+vUVE=,AKhMOT0573bsPfqKM+jepv0jA44=
-8,9,b897PPeip0SaMt22HTf9Bl+vUVE=,+Nhi8dZv3Dn3iwQ6BYAQwinQc+0=
-8,11,aH32T0ERMyuYc3a8sgICZrAR1dw=,U+5TCbCrBW2P/jSnLNCNIYrV0vI=
-8,12,aH32T0ERMyuYc3a8sgICZrAR1dw=,Sy1Bqfxb9nYFvchnOd8pizbFQiw=
-8,10,aH32T0ERMyuYc3a8sgICZrAR1dw=,e4KyVb8BRaUVH7gyDtN6EhqZ9jE=
-8,13,aH32T0ERMyuYc3a8sgICZrAR1dw=,fJt9PdjMKt73O6aW8blcRwxx6lI=
-8,14,aH32T0ERMyuYc3a8sgICZrAR1dw=,ljxysRZpnLheFDLp3keYIF5AiFU=
-8,15,id11I5Fw51bFlN8bQyWiEruy8dA=,1OygyE92Sh0Kio1Bn1QptwAnozQ=
-9,22,RwSJV3K92qbfF9pVcrnnzclHjAw=,pL7nW7dYnSFfm3/Gb/Bt5myfnd8=
-9,20,RwSJV3K92qbfF9pVcrnnzclHjAw=,kEz0NkncVyOfw9+qfC6VEtJx7LQ=
-9,21,RwSJV3K92qbfF9pVcrnnzclHjAw=,1nAP7A/hnBX858xMNawyFB0Wtd4=
-9,19,RwSJV3K92qbfF9pVcrnnzclHjAw=,M9AffRhgAXuDXL9nTpN78He2pSQ=
-9,18,RwSJV3K92qbfF9pVcrnnzclHjAw=,nwp64Do3dRD7lzX4r8qc4pgVmCo=
-9,17,RwSJV3K92qbfF9pVcrnnzclHjAw=,KByKiXYVrF6vuwpBc9ZEt/Y1XdY=
-9,16,RwSJV3K92qbfF9pVcrnnzclHjAw=,1nAP7A/hnBX858xMNawyFB0Wtd4=
-9,15,RwSJV3K92qbfF9pVcrnnzclHjAw=,zEzV78tFxZmhqje41tt9w02DLVY=
-9,14,RwSJV3K92qbfF9pVcrnnzclHjAw=,zEzV78tFxZmhqje41tt9w02DLVY=
-9,12,RwSJV3K92qbfF9pVcrnnzclHjAw=,zEzV78tFxZmhqje41tt9w02DLVY=
-9,13,RwSJV3K92qbfF9pVcrnnzclHjAw=,zEzV78tFxZmhqje41tt9w02DLVY=
-9,11,CYMZ0ErR1RtULkeILFupz/Lu43M=,BeNp1QGXneV+WAJbx2IT+iS1d00=
-9,10,CYMZ0ErR1RtULkeILFupz/Lu43M=,O8IwrBJKSxKugUXG6l9FdxKjXx0=
-9,8,CYMZ0ErR1RtULkeILFupz/Lu43M=,Pi/HY2w/3T+QWMyqboVT5uomf7M=
-9,9,CYMZ0ErR1RtULkeILFupz/Lu43M=,tleVn8syj/PiLN7T7AVduO8Ph8U=
-1,7,oHW7ohUzv2SKnFq+LGxPFDxB8Vo=,2R1/12xCiIgEKXnGQpiH3aLbtz0=
